lad21cd,local_authority,in_lad,wa21cd,population,collection_type,collection_type_sort,in_foi,waste_authority,waste_authority_type,total_collected,total_recycled,total_not_recycled,total_rejects,household_collected,household_recycled,household_not_recycled,household_rejects,non_household_collected,non_household_recycled,non_household_not_recycled,non_household_rejects,in_rec,household_recycle_rate,rgn21cd,region,bng_e,bng_n,long,lat,household_collected_per_cap
E06000001,Hartlepool,Y,E06000001,92571,Co-Mingled,1,Y,Hartlepool Borough Council,Unitary,45400,13264,32136,510,39552,12893,26659,510,5848,371,5477,0,Y,0.325975930420712,E12000001,North East,447160,531474,-1.27018,54.6761,0.427261237320543
E06000002,Middlesbrough,Y,E06000002,143734,Co-Mingled,1,Y,Middlesbrough Borough Council,Unitary,67649,20557,47092,3754,64433,19169,45264,3754,3216,1388,1828,0,Y,0.297502832399547,E12000001,North East,451141,516887,-1.21099,54.5447,0.448279460670405
E06000003,Redcar and Cleveland,Y,E06000003,136616,Two Stream,2,Y,Redcar and Cleveland Borough Council,Unitary,67283,23107,44177,1848,57866,22077,35789,1848,9417,1030,8388,0,Y,0.381519372342999,E12000001,North East,464361,519597,-1.00608,54.5675,0.423566785735199
E06000004,Stockton-on-Tees,Y,E06000004,197030,Multi-Stream,3,Y,Stockton-on-Tees Borough Council,Unitary,105430,32635,72794,-458,88050,22592,65458,-458,17380,10044,7337,0,Y,0.256581487791028,E12000001,North East,444940,518183,-1.30664,54.5569,0.446886260975486
E06000005,Darlington,Y,E06000005,108222,Multi-Stream,3,Y,Darlington Borough Council,Unitary,52638,17080,35559,1561,46203,14968,31235,1561,6435,2112,4324,0,Y,0.323961647512066,E12000001,North East,428029,515648,-1.56835,54.5353,0.426927981371625
E06000006,Halton,Y,E06000006,128577,Co-Mingled,1,Y,Halton Borough Council,Unitary,63344,24560,38783,3055,59958,22137,37821,3055,3385,2423,962,0,Y,0.369208445912139,E12000002,North West,354246,382146,-2.68853,53.3342,0.466319792808978
E06000007,Warrington,Y,E06000007,211227,Co-Mingled,1,Y,Warrington Borough Council,Unitary,99795,42421,57374,4431,94463,39753,54710,4431,5331,2668,2664,0,Y,0.420831436647153,E12000002,North West,362744,388456,-2.56167,53.3916,0.447210820586383
E06000008,Blackburn with Darwen,Y,E06000008,154922,Two Stream,2,Y,Blackburn with Darwen Borough Council,Unitary,60314,16806,43508,1128,54455,16558,37897,1128,5859,247,5612,0,Y,0.304067578734735,E12000002,North West,369490,422806,-2.4636,53.7008,0.351499464246524
E06000009,Blackpool,Y,E06000009,140954,Two Stream,2,Y,Blackpool Borough Council,Unitary,71794,28999,42795,1016,65295,27249,38046,1016,6500,1750,4749,0,Y,0.417321387548817,E12000002,North West,332819,436635,-3.02199,53.8216,0.463236233097323
E06000010,"Kingston upon Hull, City of",Y,E06000010,266463,Co-Mingled,1,Y,Kingston-upon-Hull City Council,Unitary,125518,60174,65344,3046,110225,52902,57323,3046,15293,7272,8021,0,Y,0.479945565887956,E12000003,Yorkshire and The Humber,511894,431650,-0.30382,53.7692,0.413659682582573
E06000011,East Riding of Yorkshire,Y,E06000011,343143,Co-Mingled,1,Y,East Riding of Yorkshire Council,Unitary,204162,122588,81574,8777,178205,107044,71161,8777,25957,15545,10413,0,Y,0.60067899329424,E12000003,Yorkshire and The Humber,488056,443597,-0.66195,53.8811,0.519331590619654
E06000012,North East Lincolnshire,Y,E06000012,157197,Multi-Stream,3,Y,North East Lincolnshire Council,Unitary,75792,29505,46287,179,73462,28534,44928,179,2331,971,1359,0,Y,0.388418502082709,E12000003,Yorkshire and The Humber,523465,404564,-0.13911,53.5233,0.467324440033843
E06000013,North Lincolnshire,Y,E06000013,169940,Multi-Stream,3,Y,North Lincolnshire Council,Unitary,93562,47397,46164,-49,85641,44272,41369,-49,7921,3125,4796,0,Y,0.516948657769059,E12000003,Yorkshire and The Humber,497800,410993,-0.52407,53.5864,0.503948452394963
E06000014,York,Y,E06000014,201672,Multi-Stream,3,Y,York City Council,Unitary,93699,37978,55721,3256,83151,35900,47251,3256,10548,2078,8470,0,Y,0.431744657310195,E12000003,Yorkshire and The Humber,460864,452589,-1.07375,53.9658,0.412308104248483
E06000015,Derby,Y,E06000015,261136,Co-Mingled,1,Y,Derby City Council,Unitary,107538,39159,68379,3314,103109,38454,64655,3314,4428,705,3724,0,Y,0.37294513573015,E12000004,East Midlands,435609,335375,-1.47189,52.9146,0.39484789534955
E06000016,Leicester,Y,E06000016,366018,Co-Mingled,1,Y,Leicester City Council,Unitary,146566,58279,88286,1827,133016,48563,84453,1827,13550,9717,3833,0,Y,0.365091417573826,E12000004,East Midlands,458946,304594,-1.1304,52.6359,0.363413821178193
E06000017,Rutland,Y,E06000017,41381,Co-Mingled,1,Y,Rutland County Council,Unitary,21245,11842,9402,563,20248,10416,9832,563,996,1426,-430,0,Y,0.514421177400237,E12000004,East Midlands,492992,308655,-0.6263,52.6676,0.489306686643629
E06000018,Nottingham,Y,E06000018,319566,Two Stream,2,Y,Nottingham City Council,Unitary,161892,44024,117868,5677,117450,29705,87745,5677,44442,14319,30123,0,Y,0.25291613452533,E12000004,East Midlands,456082,339969,-1.16667,52.9542,0.367529712172134
E06000019,"Herefordshire, County of",Y,E06000019,187557,Co-Mingled,1,Y,Herefordshire Council,Unitary,83953,33723,50230,3111,73611,28830,44781,3111,10342,4893,5450,0,Y,0.391653421363655,E12000005,West Midlands,349434,242834,-2.73931,52.0815,0.392472688302756
E06000020,Telford and Wrekin,Y,E06000020,185842,Two Stream,2,Y,Telford and Wrekin Council,Unitary,95650,50758,44891,2454,89832,44132,45700,2454,5818,6626,-808,0,Y,0.491272597738,E12000005,West Midlands,367035,313057,-2.48941,52.7142,0.483378353655256
E06000021,Stoke-on-Trent,Y,E06000021,258037,Two Stream,2,Y,Stoke-on-Trent City Council,Unitary,119790,38406,81384,3655,106685,36800,69885,3655,13105,1607,11498,0,Y,0.344940713314899,E12000005,West Midlands,389438,346652,-2.15888,53.0171,0.413448458941935
E06000022,Bath and North East Somerset,Y,E06000022,192423,Two Stream,2,Y,Bath and North East Somerset Council,Unitary,83809,50069,33739,945,75403,44602,30801,945,8406,5467,2939,0,Y,0.591514926461812,E12000009,South West,366217,161999,-2.48654,51.356,0.39186064036004
E06000023,"Bristol, City of",Y,E06000023,471117,Multi-Stream,3,Y,Bristol City Council,Unitary,201281,91174,110106,-764,165996,75760,90237,-764,35284,15414,19870,0,Y,0.456396539675655,E12000009,South West,359990,174846,-2.57742,51.4711,0.352345595680054
E06000024,North Somerset,Y,E06000024,217399,Multi-Stream,3,Y,North Somerset Council,Unitary,101750,61383,40367,638,98294,58480,39813,638,3456,2902,553,0,Y,0.594949844344518,E12000009,South West,347614,166718,-2.75438,51.3971,0.452136394371639
E06000025,South Gloucestershire,Y,E06000025,290736,Multi-Stream,3,Y,South Gloucestershire Council,Unitary,128013,78186,49827,1133,122522,73355,49168,1133,5491,4832,659,0,Y,0.598708803316955,E12000009,South West,367559,183198,-2.46922,51.5467,0.421420119971383
E06000026,Plymouth,Y,E06000026,264727,Co-Mingled,1,Y,Plymouth City Council,Unitary,132501,47414,85087,2471,107829,37245,70584,2471,24672,10169,14503,0,Y,0.345408007122388,E12000009,South West,249945,58255,-4.11297,50.4049,0.407321504795506
E06000027,Torbay,Y,E06000027,139446,Two Stream,2,Y,Torbay Council,Unitary,65723,23983,41740,140,58274,21611,36663,140,7449,2372,5077,0,Y,0.370851494663143,E12000009,South West,289730,64613,-3.55523,50.4709,0.417896533425125
E06000030,Swindon,Y,E06000030,233713,Multi-Stream,3,Y,Swindon Borough Council,Unitary,100823,38947,61877,-866,95499,34901,60599,-866,5324,4046,1278,0,Y,0.365459324181405,E12000009,South West,418551,186564,-1.73367,51.5776,0.408616551069046
E06000031,Peterborough,Y,E06000031,216349,Co-Mingled,1,Y,Peterborough City Council,Unitary,90714,37196,53518,2137,86036,33461,52575,2137,4678,3736,943,0,Y,0.388918592217211,E12000006,East of England,517372,300777,-0.26874,52.5921,0.397672279511345
E06000032,Luton,Y,E06000032,224826,Two Stream,2,Y,Luton Borough Council,Unitary,88181,24853,63328,1529,78753,22541,56212,1529,9428,2312,7117,0,Y,0.28622401686285,E12000006,East of England,508606,222559,-0.42319,51.891,0.350284219796643
E06000033,Southend-on-Sea,Y,E06000033,180601,Two Stream,2,Y,Southend-on-Sea Borough Council,Unitary,82232,35708,46523,2262,78028,33546,44482,2262,4203,2162,2041,0,Y,0.429922591890091,E12000006,East of England,587777,186837,0.706923,51.5492,0.432046334184196
E06000034,Thurrock,Y,E06000034,175902,Co-Mingled,1,Y,Thurrock Council,Unitary,81209,23593,57616,2060,71269,20454,50815,2060,9939,3138,6801,0,Y,0.286997151636757,E12000006,East of England,562123,181590,0.334861,51.51,0.405163102181897
E06000035,Medway,Y,E06000035,279827,Two Stream,2,Y,Medway Borough Council,Unitary,128291,54370,73921,3576,123123,49911,73212,3576,5168,4459,709,0,Y,0.405375112692186,E12000008,South East,578207,175198,0.563174,51.4477,0.43999685519982
E06000036,Bracknell Forest,Y,E06000036,125174,Co-Mingled,1,Y,Bracknell Forest Borough Council,Unitary,49177,27785,21392,1832,48361,27178,21183,1832,816,607,209,0,Y,0.561981762163727,E12000008,South East,488169,168792,-0.73363,51.4113,0.386350200520875
E06000037,West Berkshire,Y,E06000037,161865,Multi-Stream,3,Y,West Berkshire District Council,Unitary,74934,37027,37907,1631,74019,36263,37755,1631,916,763,152,0,Y,0.489914751617828,E12000008,South East,450575,172095,-1.27364,51.4456,0.457288481141692
E06000038,Reading,Y,E06000038,173170,Co-Mingled,1,Y,Reading Borough Council,Unitary,64185,30228,33956,2261,56349,28993,27356,2261,7836,1235,6601,0,Y,0.514525546149887,E12000008,South East,470226,173154,-0.99071,51.453,0.325397008719755
E06000039,Slough,Y,E06000039,158289,Co-Mingled,1,Y,Slough Borough Council,Unitary,59907,15213,44694,416,52705,14050,38655,416,7202,1163,6040,0,Y,0.266578123517693,E12000008,South East,498920,179246,-0.57617,51.5035,0.332966914946711
E06000040,Windsor and Maidenhead,Y,E06000040,153921,Co-Mingled,1,Y,Windsor and Maidenhead Borough Council,Unitary,66414,33819,32595,1924,64858,32708,32150,1924,1555,1111,444,0,Y,0.504301705263807,E12000008,South East,492079,176541,-0.67541,51.4803,0.421372002520774
E06000041,Wokingham,Y,E06000041,178169,Co-Mingled,1,Y,Wokingham Council,Unitary,72727,39711,33017,2399,71568,38807,32761,2399,1159,904,255,0,Y,0.54223954840152,E12000008,South East,476624,169902,-0.89935,51.423,0.401686039658976
E06000042,Milton Keynes,Y,E06000042,288201,Two Stream,2,Y,Milton Keynes Council,Unitary,129209,67243,61966,4215,121438,62984,58454,4215,7771,4259,3512,0,Y,0.518651492942901,E12000008,South East,486408,242308,-0.7407,52.0724,0.421365644116433
E06000043,Brighton and Hove,Y,E06000043,276334,Two Stream,2,Y,Brighton and Hove Council,Unitary,110115,33788,76327,1782,102209,30755,71454,1782,7906,3033,4873,0,Y,0.300903051590369,E12000008,South East,530279,106850,-0.15079,50.8465,0.369874861580551
E06000044,Portsmouth,Y,E06000044,206828,Co-Mingled,1,Y,Portsmouth City Council,Unitary,73538,19962,53576,3600,72871,19712,53159,3600,667,250,417,0,Y,0.270505413676222,E12000008,South East,465619,101352,-1.07006,50.808,0.352326570870482
E06000045,Southampton,Y,E06000045,247256,Two Stream,2,Y,Southampton City Council,Unitary,102612,26091,76521,5167,89497,24778,64719,5167,13115,1313,11802,0,Y,0.27685844218242,E12000008,South East,442303,113700,-1.39952,50.9212,0.361960882647944
E06000046,Isle of Wight,Y,E06000046,140889,Two Stream,2,Y,Isle of Wight Council,Unitary,73576,34966,38609,5801,61609,29537,32071,5801,11967,5429,6538,0,Y,0.479426707136944,E12000008,South East,447183,85949,-1.33366,50.6713,0.437287510025623
E06000047,County Durham,Y,E06000047,521346,Two Stream,2,Y,County Durham,Unitary,272484,109103,163381,10447,245246,93388,151858,10447,27238,15715,11523,0,Y,0.380793162783491,E12000001,North East,410381,532242,-1.8405,54.6851,0.470409286730885
E06000049,Cheshire East,Y,E06000049,400528,Co-Mingled,1,Y,Cheshire East,Unitary,203489,114090,89398,6790,199826,112554,87272,6790,3663,1536,2126,0,Y,0.563260036231521,E12000002,North West,380510,363462,-2.29299,53.1679,0.498906443494587
E06000050,Cheshire West and Chester,Y,E06000050,357699,Multi-Stream,3,Y,Cheshire West and Chester,Unitary,178702,106112,72590,0,170703,98357,72346,0,8000,7755,244,0,Y,0.57618788187671,E12000002,North West,353097,363145,-2.70298,53.1634,0.477225264817626
E06000051,Shropshire,Y,E06000051,324716,Two Stream,2,Y,Shropshire,Unitary,179695,98910,80785,1514,170499,90093,80406,1514,9196,8816,380,0,Y,0.528407791248043,E12000005,West Midlands,350227,302960,-2.73667,52.6221,0.525071139087695
E06000052,Cornwall,Y,E06000052,572010,Multi-Stream,3,Y,Cornwall,Unitary,282615,96347,186269,343,281581,95761,185820,343,1034,586,448,0,Y,0.340083315280505,E12000009,South West,212497,64493,-4.64254,50.4502,0.492265869477806
E06000053,Isles of Scilly,Y,E06000053,2271,Co-Mingled,1,Y,Council of the Isles of Scilly,Unitary,1727,634,1093,34,1373,553,821,34,354,81,273,0,Y,0.402767662053897,E12000009,South West,91327,11447,-6.30217,49.9233,0.604579480405108
E06000054,Wiltshire,Y,E06000054,513411,Two Stream,2,Y,Wiltshire,Unitary,232635,102550,130085,8989,218290,92163,126127,8989,14345,10387,3958,0,Y,0.422204406981538,E12000009,South West,405209,158863,-1.92661,51.3288,0.42517593117405
E06000055,Bedford,Y,E06000055,185761,Co-Mingled,1,Y,Bedford,Unitary,86759,30630,56129,4447,77007,28511,48496,4445,9753,2119,7633,2,Y,0.37023906917553,E12000006,East of England,505721,256463,-0.45463,52.1963,0.4145488019552
E06000056,Central Bedfordshire,Y,E06000056,295541,Co-Mingled,1,Y,Central Bedfordshire,Unitary,134823,63618,71205,4517,127334,58357,68977,4517,7488,5261,2228,0,Y,0.45829864765106,E12000006,East of England,504615,234492,-0.47754,51.999,0.430850541887589
E06000057,Northumberland,Y,E06000057,321558,Co-Mingled,1,Y,Northumberland,Unitary,176391,56033,120358,8894,158590,50684,107906,8894,17801,5349,12452,0,Y,0.319591399205498,E12000001,North East,395322,600699,-2.07523,55.3004,0.493192518923491
E06000058,"Bournemouth, Christchurch and Poole",Y,E06000058,400109,Co-Mingled,1,Y,"Bournemouth, Christchurch and Poole Council",Unitary,199145,92136,107009,5756,173327,82170,91157,5756,25818,9966,15852,0,Y,0.474075014279368,E12000009,South West,410815,94066,-1.84807,50.7461,0.433199453149017
E06000059,Dorset,Y,E06000059,381292,Two Stream,2,Y,Dorset Council,Unitary,198714,115485,83229,13248,182942,109436,73506,13248,15772,6049,9723,0,Y,0.598200522569995,E12000009,South West,370871,99796,-2.41467,50.797,0.479795012746137
E06000060,Buckinghamshire,Y,E10000002,555257,Two Stream,2,Y,Buckinghamshire Council,Unitary,247300,121852,125449,10216,239199,117684,121515,10216,8101,4167,3934,0,Y,0.491992023378024,E12000008,South East,482506,208561,-0.80569,51.7697,0.430789706388213
E06000061,North Northamptonshire,Y,E06000061,360381,Co-Mingled,1,Y,North Northamptonshire,Unitary,171086,78010,93076,7084,158678,71985,86692,7084,12408,6024,6383,0,Y,0.453654570891995,E12000004,East Midlands,493590,281718,-0.62504,52.4255,0.440306231460593
E06000062,West Northamptonshire,Y,E06000062,426462,Co-Mingled,1,Y,West Northamptonshire,Unitary,202063,98554,103509,6128,189987,90407,99581,6128,12075,8148,3928,0,Y,0.475858874554575,E12000004,East Midlands,467187,263879,-1.01682,52.269,0.445495729982976
E07000008,Cambridge,Y,E50000008,144714,Co-Mingled,1,Y,Cambridge City and South Cambs Councils,Collection,118550,58283,60268,3229,107230,52437,54793,3229,11320,5846,5475,0,Y,0.489014268395039,E12000006,East of England,545420,257901,0.126436,52.2002,0.740978758102188
E07000009,East Cambridgeshire,Y,E07000009,88145,Co-Mingled,1,Y,East Cambridgeshire District Council,Collection,33167,18559,14608,544,32810,18559,14251,544,357,0,357,0,Y,0.565650716245047,E12000006,East of England,555576,275765,0.283149,52.3579,0.372227579556413
E07000010,Fenland,Y,E07000010,102742,Co-Mingled,1,Y,Fenland District Council,Collection,45465,17486,27979,916,43500,17293,26207,916,1965,193,1772,0,Y,0.397540229885058,E12000006,East of England,536361,294959,0.009016,52.5354,0.423390628954079
E07000011,Huntingdonshire,Y,E07000011,181804,Co-Mingled,1,Y,Huntingdonshire District Council,Collection,74917,40451,34467,1490,72830,40451,32379,1490,2087,0,2087,0,Y,0.555416723877523,E12000006,East of England,521008,274269,-0.2247,52.3531,0.400596246507228
E07000012,South Cambridgeshire,Y,E50000008,163002,Co-Mingled,1,Y,Cambridge City and South Cambs Councils,Collection,118550,58283,60268,3229,107230,52437,54793,3229,11320,5846,5475,0,Y,0.489014268395039,E12000006,East of England,543295,247586,0.091017,52.1081,0.657844689022221
E07000026,Allerdale,Y,E07000026,96384,Two Stream,2,Y,Allerdale Borough Council,Collection,46320,16117,30202,278,40856,14707,26148,278,5464,1410,4054,0,Y,0.359971607597415,E12000002,North West,317520,532997,-3.2809,54.6852,0.423887782204515
E07000027,Barrow-in-Furness,Y,E07000027,67375,Two Stream,2,Y,Barrow-in-Furness Borough Council,Collection,25707,4519,21189,2646,25474,4519,20955,2646,234,0,234,0,Y,0.177396561199655,E12000002,North West,321741,474165,-3.1999,54.1573,0.378092764378479
E07000028,Carlisle,Y,E07000028,110255,Multi-Stream,3,Y,Carlisle City Council,Collection,44574,18284,26290,7,44568,18280,26289,7,6,5,1,0,Y,0.410159755878657,E12000002,North West,348576,565154,-2.80498,54.9783,0.404226565688631
E07000029,Copeland,Y,E07000029,67176,Multi-Stream,3,Y,Copeland Borough Council,Collection,29903,9865,20038,79,27307,9775,17532,79,2595,90,2506,0,Y,0.357966821694071,E12000002,North West,310871,508739,-3.37664,54.4662,0.406499345004168
E07000030,Eden,Y,E07000030,54955,Multi-Stream,3,Y,Eden District Council,Collection,22535,9316,13219,127,21137,9316,11821,127,1398,0,1398,0,Y,0.440743719543928,E12000002,North West,359636,526396,-2.62678,54.6311,0.38462378309526
E07000031,South Lakeland,Y,E07000031,104676,Multi-Stream,3,Y,South Lakeland District Council,Collection,45346,20398,24948,1,45328,20398,24930,1,18,0,18,0,Y,0.450008824567596,E12000002,North West,349265,489555,-2.78108,54.2991,0.433031449424892
E07000032,Amber Valley,Y,E07000032,126489,Two Stream,2,Y,Amber Valley Borough Council,Collection,50730,14536,36194,2022,48186,14230,33956,2022,2544,306,2238,0,Y,0.295313991615822,E12000004,East Midlands,436166,348084,-1.46219,53.0288,0.380950122145009
E07000033,Bolsover,Y,E07000033,80476,Two Stream,2,Y,Bolsover District Council,Collection,35607,13235,22372,1262,34347,13235,21112,1262,1260,0,1260,0,Y,0.385332052289865,E12000004,East Midlands,448666,371548,-1.27228,53.2388,0.426798051593022
E07000034,Chesterfield,Y,E07000034,103672,Two Stream,2,Y,Chesterfield Borough Council,Collection,44335,17905,26430,1929,41584,17869,23716,1929,2750,36,2714,0,Y,0.429708541746826,E12000004,East Midlands,440049,373359,-1.40115,53.2557,0.401111196851609
E07000035,Derbyshire Dales,Y,E07000035,71681,Two Stream,2,Y,Derbyshire Dales District Council,Collection,28464,13739,14725,780,26376,13592,12784,780,2088,147,1940,0,Y,0.515316954807401,E12000004,East Midlands,419697,358493,-1.70711,53.1233,0.36796361657901
E07000036,Erewash,Y,E07000036,113047,Co-Mingled,1,Y,Erewash Borough Council,Collection,48802,19683,29119,578,46898,19593,27305,578,1905,90,1815,0,Y,0.417779009765875,E12000004,East Midlands,443721,338063,-1.3509,52.9382,0.414853998779269
E07000037,High Peak,Y,E07000037,91104,Co-Mingled,1,Y,High Peak Borough Council,Collection,38663,17464,21199,1295,35419,16899,18520,1295,3245,565,2679,0,Y,0.477116801716593,E12000004,East Midlands,410474,387660,-1.84398,53.3857,0.388775465402178
E07000038,North East Derbyshire,Y,E07000038,102315,Two Stream,2,Y,North East Derbyshire District Council,Collection,43206,18791,24415,1466,41205,18668,22537,1466,2000,122,1878,0,Y,0.453051814100231,E12000004,East Midlands,437369,362955,-1.44253,53.1624,0.402726872892538
E07000039,South Derbyshire,Y,E07000039,108063,Two Stream,2,Y,South Derbyshire District Council,Collection,45498,20628,24870,577,44048,20591,23457,577,1450,37,1413,0,Y,0.467467308390846,E12000004,East Midlands,431443,325363,-1.5348,52.8249,0.407614076973617
E07000040,East Devon,Y,E07000040,152120,Two Stream,2,Y,East Devon District Council,Collection,49642,30235,19407,1,49528,30234,19294,1,114,1,113,0,Y,0.610442577935713,E12000009,South West,313790,96050,-3.22359,50.7576,0.325585064422824
E07000041,Exeter,Y,E07000041,129307,Co-Mingled,1,Y,Exeter City Council,Collection,42435,10712,31722,3851,39122,9979,29143,3851,3313,734,2579,0,Y,0.255073871478963,E12000009,South West,293239,92005,-3.51368,50.7178,0.302551292660104
E07000042,Mid Devon,Y,E07000042,83186,Two Stream,2,Y,Mid Devon District Council,Collection,32369,15884,16485,8,29223,15682,13541,8,3147,202,2944,0,Y,0.53663210484892,E12000009,South West,288064,108911,-3.59212,50.8688,0.351297093260885
E07000043,North Devon,Y,E07000043,99435,Multi-Stream,3,Y,North Devon District Council,Collection,43332,19487,23845,0,39138,18881,20257,0,4194,606,3588,0,Y,0.48242117635035,E12000009,South West,265110,132532,-3.92691,51.0762,0.393603861819279
E07000044,South Hams,Y,E07000044,89213,Two Stream,2,Y,South Hams District Council,Collection,33608,15042,18566,303,31936,14907,17028,303,1672,134,1538,0,Y,0.466777304609219,E12000009,South West,270676,54036,-3.81996,50.3719,0.357974734623878
E07000045,Teignbridge,Y,E07000045,135216,Multi-Stream,3,Y,Teignbridge District Council,Collection,51787,28600,23188,34,51379,28567,22812,34,408,33,375,0,Y,0.556005371844528,E12000009,South West,283144,80205,-3.65289,50.6098,0.379977221630576
E07000046,Torridge,Y,E07000046,68475,Multi-Stream,3,Y,Torridge District Council,Collection,25044,13481,11562,0,25026,13481,11545,0,18,0,18,0,Y,0.538679773036043,E12000009,South West,244206,114334,-4.21728,50.9074,0.365476451259584
E07000047,West Devon,Y,E07000047,57488,Multi-Stream,3,Y,West Devon Borough Council,Collection,18300,9881,8420,91,18268,9879,8389,91,33,2,30,0,Y,0.540781694766805,E12000009,South West,256376,86990,-4.03361,50.6648,0.317770665182299
E07000061,Eastbourne,Y,E07000061,101593,Co-Mingled,1,Y,Eastbourne Borough Council,Collection,35143,13571,21572,754,34901,13562,21339,754,243,9,234,0,Y,0.388584854302169,E12000008,South East,559339,99575,0.258516,50.7739,0.343537448446251
E07000062,Hastings,Y,E07000062,90959,Co-Mingled,1,Y,Hastings Borough Council,Collection,32526,10050,22476,436,32152,10039,22113,436,374,11,363,0,Y,0.312235630753919,E12000008,South East,581528,110694,0.578395,50.8672,0.353477940610605
E07000063,Lewes,Y,E07000063,100194,Co-Mingled,1,Y,Lewes District Council,Collection,37064,14700,22364,-3,34807,14278,20528,-3,2257,422,1835,0,Y,0.410204843853248,E12000008,South East,541474,105686,0.007671,50.8334,0.34739605165978
E07000064,Rother,Y,E07000064,93429,Two Stream,2,Y,Rother District Council,Collection,40229,18644,21585,539,40115,18644,21471,539,113,0,113,0,Y,0.464763804063318,E12000008,South East,578721,119666,0.542937,50.9487,0.429363473867857
E07000065,Wealden,Y,E07000065,160749,Co-Mingled,1,Y,Wealden District Council,Collection,63353,30902,32451,1229,63253,30901,32352,1229,100,1,99,0,Y,0.488530188291465,E12000008,South East,555048,117180,0.205156,50.9332,0.393489228548856
E07000066,Basildon,Y,E07000066,187659,Two Stream,2,Y,Basildon District Council,Collection,87357,38115,49242,1270,83707,37873,45833,1270,3650,241,3409,0,Y,0.452447226635765,E12000006,East of England,571548,190848,0.475055,51.5904,0.446059075237532
E07000067,Braintree,Y,E07000067,155710,Co-Mingled,1,Y,Braintree District Council,Collection,67816,30891,36926,1775,64039,30144,33895,1775,3778,747,3031,0,Y,0.470713159168632,E12000006,East of England,577253,227335,0.575911,51.9163,0.411270952411534
E07000068,Brentwood,Y,E07000068,77103,Two Stream,2,Y,Brentwood Borough Council,Collection,32135,12627,19509,53,30551,12422,18129,53,1584,205,1379,0,Y,0.406598802003208,E12000006,East of England,558560,196070,0.290091,51.6411,0.396236203519967
E07000069,Castle Point,Y,E07000069,89708,Two Stream,2,Y,Castle Point Borough Council,Collection,35471,16895,18576,1381,35471,16895,18576,1381,0,0,0,0,Y,0.476304586845592,E12000006,East of England,579490,187920,0.588084,51.5616,0.395405092076515
E07000070,Chelmsford,Y,E07000070,181763,Multi-Stream,3,Y,Chelmsford Borough Council,Collection,79060,39841,39219,8605,74532,31126,43406,8605,4528,8714,-4186,0,Y,0.417619277625718,E12000006,East of England,572116,206972,0.491177,51.735,0.41005045031167
E07000071,Colchester,Y,E07000071,192424,Multi-Stream,3,Y,Colchester Borough Council,Collection,67251,35759,31492,196,64333,35249,29083,196,2919,510,2409,0,Y,0.547914756035005,E12000006,East of England,596944,223693,0.859777,51.877,0.334329397580343
E07000072,Epping Forest,Y,E07000072,134909,Two Stream,2,Y,Epping Forest Borough Council,Collection,57727,30873,26854,900,56924,30873,26051,900,803,0,803,0,Y,0.542354718572131,E12000006,East of England,548919,203758,0.154147,51.7128,0.421943680555041
E07000073,Harlow,Y,E07000073,93374,Co-Mingled,1,Y,Harlow District Council,Collection,29952,11813,18138,1001,29762,11808,17954,1001,190,5,185,0,Y,0.396747530407903,E12000006,East of England,545276,209589,0.103888,51.7661,0.318739691991347
E07000074,Maldon,Y,E07000074,66627,Two Stream,2,Y,Maldon District Council,Collection,26157,15088,11068,93,25859,15076,10783,93,298,12,286,0,Y,0.583007850264898,E12000006,East of England,591413,212072,0.773106,51.7746,0.388115928977742
E07000075,Rochford,Y,E07000075,86186,Co-Mingled,1,Y,Rochford District Council,Collection,35392,21127,14265,810,35272,21127,14145,810,120,0,120,0,Y,0.598973690179179,E12000006,East of England,585979,191417,0.683442,51.5909,0.409254403267352
E07000076,Tendring,Y,E07000076,148934,Two Stream,2,Y,Tendring District Council,Collection,52857,21371,31486,5,52857,21371,31486,5,0,0,0,0,Y,0.4043173089657,E12000006,East of England,614190,222141,1.10898,51.8567,0.354902171431641
E07000077,Uttlesford,Y,E07000077,91948,Co-Mingled,1,Y,Uttlesford District Council,Collection,36786,17751,19035,706,34074,17645,16429,706,2712,105,2606,0,Y,0.517843517051124,E12000006,East of England,557832,228865,0.294485,51.9359,0.370579022926002
E07000078,Cheltenham,Y,E07000078,118866,Multi-Stream,3,Y,Cheltenham Borough Council,Collection,51755,24795,26960,705,49065,24640,24425,705,2690,154,2535,0,Y,0.502190971160705,E12000009,South West,394925,222232,-2.07515,51.8986,0.412775730654687
E07000079,Cotswold,Y,E07000079,91125,Multi-Stream,3,Y,Cotswold District Council,Collection,40197,23737,16460,55,39994,23672,16322,55,203,65,138,0,Y,0.591888783317498,E12000009,South West,402125,208209,-1.97059,51.7725,0.438891632373114
E07000080,Forest of Dean,Y,E07000080,87140,Multi-Stream,3,Y,Forest of Dean District Council,Collection,35383,19256,16127,103,35293,19153,16140,103,90,103,-13,0,Y,0.542685518374749,E12000009,South West,367175,212759,-2.47755,51.8125,0.405014918521919
E07000081,Gloucester,Y,E07000081,132538,Two Stream,2,Y,Gloucester City Council,Collection,49277,20912,28365,-29,47585,20779,26806,-29,1692,133,1558,0,Y,0.436671219922244,E12000009,South West,384071,216449,-2.23263,51.8464,0.359029108632996
E07000082,Stroud,Y,E07000082,121529,Two Stream,2,Y,Stroud District Council,Collection,39568,22937,16632,1046,39391,22933,16458,1046,177,3,174,0,Y,0.58218882485847,E12000009,South West,378807,202410,-2.30818,51.72,0.324128397337261
E07000083,Tewkesbury,Y,E07000083,95429,Co-Mingled,1,Y,Tewkesbury Borough Council,Collection,38663,20198,18465,658,37331,20188,17143,658,1332,10,1322,0,Y,0.540783798987437,E12000009,South West,386347,226279,-2.19998,51.9348,0.391191356925044
E07000084,Basingstoke and Deane,Y,E07000084,185656,Two Stream,2,Y,Basingstoke and Deane Borough Council,Collection,64412,19027,45385,1960,64128,19027,45101,1960,284,0,284,0,Y,0.296703468063872,E12000008,South East,454508,151423,-1.22021,51.2594,0.345413021933037
E07000085,East Hampshire,Y,E07000085,126199,Two Stream,2,Y,East Hampshire District Council,Collection,42474,15569,26905,1718,42192,15506,26687,1718,282,63,218,0,Y,0.367510428517254,E12000008,South East,474404,129237,-0.93971,51.0577,0.334329115127695
E07000086,Eastleigh,Y,E07000086,136974,Two Stream,2,Y,Eastleigh Borough Council,Collection,49856,20714,29142,1542,46861,20552,26309,1542,2995,162,2833,0,Y,0.438573653997994,E12000008,South East,447202,116802,-1.32943,50.9487,0.342116022018777
E07000087,Fareham,Y,E07000087,114993,Co-Mingled,1,Y,Fareham Borough Council,Collection,40941,13303,27638,1150,36449,12823,23626,1150,4492,481,4012,0,Y,0.351806633926857,E12000008,South East,453774,106319,-1.23742,50.8539,0.316967119737723
E07000088,Gosport,Y,E07000088,82178,Co-Mingled,1,Y,Gosport Borough Council,Collection,26445,7161,19284,953,26336,7156,19180,953,109,5,104,0,Y,0.271719319562576,E12000008,South East,458769,101088,-1.16731,50.8064,0.320475066319453
E07000089,Hart,Y,E07000089,100293,Two Stream,2,Y,Hart District Council,Collection,35083,14300,20784,1480,34928,14300,20628,1480,156,0,156,0,Y,0.409413650939075,E12000008,South East,477985,154240,-0.88321,51.282,0.348259599373835
E07000090,Havant,Y,E07000090,124470,Co-Mingled,1,Y,Havant Borough Council,Collection,44875,14667,30208,1885,44407,14472,29936,1885,468,196,272,0,Y,0.325894566172,E12000008,South East,470178,108564,-1.00398,50.8723,0.356768699284968
E07000091,New Forest,Y,E07000091,176262,Two Stream,2,Y,New Forest District Council,Collection,62289,20797,41492,1763,59675,19534,40141,1763,2613,1262,1351,0,Y,0.327339757017176,E12000008,South East,428748,106521,-1.59293,50.8575,0.338558509491552
E07000092,Rushmoor,Y,E07000092,100068,Two Stream,2,Y,Rushmoor Borough Council,Collection,33624,12327,21297,1228,33463,12323,21140,1228,160,3,157,0,Y,0.368257478408989,E12000008,South East,486022,153944,-0.76807,51.2781,0.334402606227765
E07000093,Test Valley,Y,E07000093,131190,Co-Mingled,1,Y,Test Valley Borough Council,Collection,46928,18067,28861,1148,46620,17941,28679,1148,308,127,182,0,Y,0.384834834834835,E12000008,South East,434930,137329,-1.50214,51.1342,0.355362451406357
E07000094,Winchester,Y,E07000094,127916,Two Stream,2,Y,Winchester City Council,Collection,44218,18036,26182,1448,43378,17597,25782,1448,840,439,400,0,Y,0.405666466872608,E12000008,South East,453115,125901,-1.24393,51.03,0.339113168016511
E07000095,Broxbourne,Y,E07000095,99138,Multi-Stream,3,Y,Broxbourne Borough Council,Collection,40115,15420,24695,174,36874,15420,21453,174,3242,0,3242,0,Y,0.418180832022563,E12000006,East of England,534742,204251,-0.05073,51.7208,0.371946176037443
E07000096,Dacorum,Y,E07000096,155217,Co-Mingled,1,Y,Dacorum Borough Council,Collection,61786,31644,30142,1550,58453,30820,27632,1550,3333,824,2509,0,Y,0.527261218414795,E12000006,East of England,500084,208745,-0.55098,51.7685,0.376588904565866
E07000098,Hertsmere,Y,E07000098,108105,Two Stream,2,Y,Hertsmere Borough Council,Collection,41864,17701,24162,6,39871,17679,22191,6,1993,22,1971,0,Y,0.443404981063931,E12000006,East of England,519774,199352,-0.26899,51.6802,0.368817353498913
E07000099,North Hertfordshire,Y,E07000099,133571,Two Stream,2,Y,North Hertfordshire District Council,Collection,51610,28418,23193,327,48435,27953,20482,327,3175,465,2711,0,Y,0.577123980592547,E12000006,East of England,522192,230256,-0.22314,51.9574,0.362616136736268
E07000102,Three Rivers,Y,E07000102,93952,Co-Mingled,1,Y,Three Rivers District Council,Collection,36525,22119,14407,610,33805,21453,12352,610,2720,666,2055,0,Y,0.634610264753735,E12000006,East of England,507313,196418,-0.45005,51.6563,0.359811393051771
E07000103,Watford,Y,E07000103,102451,Co-Mingled,1,Y,Watford Borough Council,Collection,32503,16773,15730,615,32372,16725,15647,615,131,48,83,0,Y,0.516650191523539,E12000006,East of England,510441,198197,-0.40429,51.6717,0.315975441918576
E07000105,Ashford,Y,E07000105,133178,Co-Mingled,1,Y,Ashford Borough Council,Collection,49611,25479,24132,1222,49269,25466,23803,1222,342,13,329,0,Y,0.516876737908218,E12000008,South East,597640,140644,0.823374,51.131,0.369948489990839
E07000106,Canterbury,Y,E07000106,156554,Two Stream,2,Y,Canterbury City Council,Collection,54128,23903,30225,440,53195,23873,29322,440,933,30,902,0,Y,0.448782780336498,E12000008,South East,616032,158096,1.09634,51.281,0.339786910586762
E07000107,Dartford,Y,E07000107,116777,Two Stream,2,Y,Dartford Borough Council,Collection,41815,10054,31761,638,41435,10054,31381,638,379,0,379,0,Y,0.242645106793773,E12000008,South East,556167,172917,0.245276,51.4337,0.354821583017204
E07000108,Dover,Y,E07000108,116595,Two Stream,2,Y,Dover District Council,Collection,41702,18323,23378,314,41672,18213,23458,314,30,110,-80,0,Y,0.437056056824726,E12000008,South East,628964,150942,1.27689,51.2118,0.357408122132167
E07000109,Gravesham,Y,E07000109,106838,Co-Mingled,1,Y,Gravesham Borough Council,Collection,40175,15653,24522,907,36951,15653,21298,907,3224,0,3224,0,Y,0.423615057779221,E12000008,South East,566969,169114,0.398744,51.3965,0.345860087234879
E07000110,Maidstone,Y,E07000110,176712,Co-Mingled,1,Y,Maidstone Borough Council,Collection,61773,32464,29309,1350,61471,32454,29018,1350,302,10,291,0,Y,0.527956272063249,E12000008,South East,580489,151670,0.584061,51.2357,0.347859794467835
E07000111,Sevenoaks,Y,E07000111,120841,Co-Mingled,1,Y,Sevenoaks District Council,Collection,50629,19135,31495,435,49057,19054,30003,435,1572,80,1492,0,Y,0.388405324418534,E12000008,South East,552776,155218,0.188936,51.2756,0.40596320785164
E07000112,Folkestone and Hythe,Y,E07000112,110056,Two Stream,2,Y,Folkestone and Hythe District Council,Collection,40801,18435,22366,279,40697,18429,22268,279,104,6,98,0,Y,0.452834361255129,E12000008,South East,610318,134595,1.0008,51.0721,0.369784473359017
E07000113,Swale,Y,E07000113,152223,Co-Mingled,1,Y,Swale Borough Council,Collection,60188,24354,35834,1617,58240,24306,33934,1617,1948,49,1900,0,Y,0.417342032967033,E12000008,South East,593583,161818,0.776893,51.3225,0.382596585272922
E07000114,Thanet,Y,E07000114,140678,Two Stream,2,Y,Thanet District Council,Collection,53894,18314,35580,273,52829,18179,34650,273,1066,135,931,0,Y,0.344110242480456,E12000008,South East,631839,166752,1.32823,51.3525,0.375531355293649
E07000115,Tonbridge and Malling,Y,E07000115,132386,Two Stream,2,Y,Tonbridge and Malling Borough Council,Collection,47523,21318,26205,429,47504,21318,26186,429,19,0,19,0,Y,0.448762209498148,E12000008,South East,564014,153898,0.349306,51.2606,0.358829483480126
E07000116,Tunbridge Wells,Y,E07000116,115681,Multi-Stream,3,Y,Tunbridge Wells Borough Council,Collection,43097,20615,22482,334,43079,20613,22466,334,18,2,17,0,Y,0.478493001230298,E12000008,South East,573139,136599,0.471632,51.1025,0.372394775287212
E07000117,Burnley,Y,E07000117,94721,Two Stream,2,Y,Burnley Borough Council,Collection,34986,10566,24420,272,31579,10155,21423,272,3408,411,2997,0,Y,0.32157446404256,E12000002,North West,384886,430882,-2.2308,53.7741,0.333389639045196
E07000118,Chorley,Y,E07000118,117937,Two Stream,2,Y,Chorley Borough Council,Collection,46767,21748,25018,1243,46502,21739,24763,1243,265,10,255,0,Y,0.467485269450776,E12000002,North West,359189,419724,-2.61921,53.6724,0.394295259333373
E07000119,Fylde,Y,E07000119,81845,Two Stream,2,Y,Fylde Borough Council,Collection,34266,14802,19465,651,33093,14686,18406,651,1174,115,1059,0,Y,0.44377965128577,E12000002,North West,339554,433811,-2.91914,53.7971,0.404337467163541
E07000120,Hyndburn,Y,E07000120,82261,Multi-Stream,3,Y,Hyndburn Borough Council,Collection,31692,8358,23335,703,23817,7863,15953,703,7876,495,7381,0,Y,0.330142335306714,E12000002,North West,374407,428971,-2.38964,53.7565,0.289529667764797
E07000121,Lancaster,Y,E07000121,142162,Two Stream,2,Y,Lancaster City Council,Collection,55937,21263,34674,566,51387,19781,31606,566,4550,1482,3068,0,Y,0.384941716776617,E12000002,North West,356896,464988,-2.6603,54.079,0.361467902815098
E07000122,Pendle,Y,E07000122,95789,Two Stream,2,Y,Pendle Borough Council,Collection,39384,11534,27850,751,35145,10889,24256,751,4239,644,3595,0,Y,0.309830701379997,E12000002,North West,387637,443368,-2.18957,53.8864,0.366900165989832
E07000123,Preston,Y,E07000123,147617,Two Stream,2,Y,Preston City Council,Collection,58944,18603,40341,505,54681,17667,37014,505,4262,936,3326,0,Y,0.323092116091513,E12000002,North West,352825,436432,-2.71809,53.822,0.370424815570022
E07000124,Ribble Valley,Y,E07000124,61907,Two Stream,2,Y,Ribble Valley Borough Council,Collection,26384,9566,16818,401,24999,9392,15607,401,1385,174,1211,0,Y,0.375695027801112,E12000002,North West,372687,447676,-2.4174,53.9245,0.403815400520135
E07000125,Rossendale,Y,E07000125,71010,Two Stream,2,Y,Rossendale Borough Council,Collection,27320,8886,18434,556,25717,8454,17263,556,1603,432,1171,0,Y,0.328731967181242,E12000002,North West,382827,420955,-2.26149,53.6848,0.362160259118434
E07000126,South Ribble,Y,E07000126,111204,Two Stream,2,Y,South Ribble Borough Council,Collection,45468,19896,25572,1096,43237,19679,23558,1096,2231,217,2013,0,Y,0.455142586210884,E12000002,North West,352017,425840,-2.72871,53.7267,0.388807956548326
E07000127,West Lancashire,Y,E07000127,117125,Two Stream,2,Y,West Lancashire Borough Council,Collection,51306,23614,27692,601,49302,23407,25896,601,2004,208,1796,0,Y,0.474767757900288,E12000002,North West,342611,413270,-2.86893,53.6128,0.420934898612593
E07000128,Wyre,Y,E07000128,112457,Two Stream,2,Y,Wyre Borough Council,Collection,44340,20152,24187,717,44030,20119,23912,717,309,34,276,0,Y,0.456938451056098,E12000002,North West,347295,445159,-2.80359,53.8999,0.391527428261469
E07000129,Blaby,Y,E07000129,103271,Co-Mingled,1,Y,Blaby District Council,Collection,39026,16161,22865,1055,37819,15974,21845,1055,1207,187,1021,0,Y,0.42238028504191,E12000004,East Midlands,454385,297994,-1.19887,52.5771,0.366211230645583
E07000130,Charnwood,Y,E07000130,182817,Co-Mingled,1,Y,Charnwood Borough Council,Collection,65154,28051,37103,2509,63611,27621,35990,2509,1543,430,1113,0,Y,0.43421735234472,E12000004,East Midlands,458365,316155,-1.13694,52.7399,0.347949041938113
E07000131,Harborough,Y,E07000131,98287,Co-Mingled,1,Y,Harborough District Council,Collection,42350,18056,24294,1126,38694,17311,21383,1126,3656,745,2911,0,Y,0.44738202305267,E12000004,East Midlands,474549,293875,-0.90229,52.5377,0.393683803554895
E07000132,Hinckley and Bosworth,Y,E07000132,113660,Co-Mingled,1,Y,Hinckley and Bosworth Borough Council,Collection,48818,20342,28475,1135,46436,19818,26618,1135,2381,524,1857,0,Y,0.4267809458179,E12000004,East Midlands,439538,301379,-1.41755,52.6088,0.408551821221186
E07000133,Melton,Y,E07000133,51773,Co-Mingled,1,Y,Melton Borough Council,Collection,21979,9486,12493,490,21780,9476,12304,490,199,10,189,0,Y,0.435078053259871,E12000004,East Midlands,477328,323472,-0.8544,52.8033,0.420682595175091
E07000134,North West Leicestershire,Y,E07000134,105011,Multi-Stream,3,Y,North West Leicestershire District Council,Collection,46492,20099,26393,-119,43064,20059,23005,-119,3428,40,3388,0,Y,0.465795095671559,E12000004,East Midlands,439111,316252,-1.42209,52.7425,0.410090371484892
E07000135,Oadby and Wigston,Y,E07000135,57753,Co-Mingled,1,Y,Oadby and Wigston Borough Council,Collection,18844,7965,10880,544,18843,7965,10878,544,2,0,2,0,Y,0.422703391179748,E12000004,East Midlands,461543,299379,-1.093,52.5887,0.326268765258948
E07000136,Boston,Y,E07000136,70798,Co-Mingled,1,Y,Boston Borough Council,Collection,30913,10160,20753,969,29365,10073,19292,969,1548,87,1461,0,Y,0.343027413587604,E12000004,East Midlands,526851,343953,-0.11218,52.9779,0.414771603717619
E07000137,East Lindsey,Y,E07000137,142951,Co-Mingled,1,Y,East Lindsey District Council,Collection,57590,23352,34238,2823,57499,23270,34229,2823,91,82,10,0,Y,0.404702690481574,E12000004,East Midlands,534861,376064,0.020516,53.2645,0.402228735720632
E07000138,Lincoln,Y,E07000138,102330,Co-Mingled,1,Y,Lincoln City Council,Collection,36981,12332,24650,2464,36981,12332,24650,2464,0,0,0,0,Y,0.333468537897839,E12000004,East Midlands,496347,370096,-0.55848,53.2192,0.361389621811785
E07000139,North Kesteven,Y,E07000139,118553,Co-Mingled,1,Y,North Kesteven District Council,Collection,49216,21643,27574,2394,49136,21639,27497,2394,80,3,77,0,Y,0.440389938130902,E12000004,East Midlands,502135,354788,-0.4767,53.0806,0.414464416758749
E07000140,South Holland,Y,E07000140,95485,Co-Mingled,1,Y,South Holland District Council,Collection,37736,11755,25981,3057,37681,11754,25927,3057,55,1,54,0,Y,0.311934396645524,E12000004,East Midlands,532910,322928,-0.03057,52.7876,0.394627428391894
E07000141,South Kesteven,Y,E07000141,143787,Co-Mingled,1,Y,South Kesteven District Council,Collection,58962,22736,36226,4368,56126,22298,33828,4368,2836,438,2398,0,Y,0.397284680896554,E12000004,East Midlands,501406,328986,-0.49565,52.8489,0.390341268682148
E07000142,West Lindsey,Y,E07000142,95570,Co-Mingled,1,Y,West Lindsey District Council,Collection,43643,17522,26120,3282,41515,17082,24434,3282,2127,441,1687,0,Y,0.411465735276406,E12000004,East Midlands,499314,390326,-0.50774,53.4004,0.434393638170974
E07000143,Breckland,Y,E07000143,142164,Co-Mingled,1,Y,Breckland Council,Collection,55714,22273,33441,2174,55344,22245,33099,2174,371,28,343,0,Y,0.401940589765828,E12000006,East of England,591015,303330,0.818716,52.5942,0.389296868405503
E07000144,Broadland,Y,E07000144,132247,Co-Mingled,1,Y,Broadland District Council,Collection,54347,27320,27027,2037,53751,27203,26548,2037,596,117,479,0,Y,0.506092909899351,E12000006,East of England,619864,315909,1.25232,52.6962,0.406444002510454
E07000145,Great Yarmouth,Y,E07000145,100146,Co-Mingled,1,Y,Great Yarmouth Borough Council,Collection,40408,12438,27970,1484,40122,12432,27690,1484,286,6,280,0,Y,0.309854942425602,E12000006,East of England,646761,315881,1.64951,52.6844,0.400635072793721
E07000146,King's Lynn and West Norfolk,Y,E07000146,154910,Co-Mingled,1,Y,Kings Lynn and West Norfolk Borough Council,Collection,66862,26922,39940,2727,64404,25970,38434,2727,2458,952,1506,0,Y,0.403235823861872,E12000006,East of England,571219,315805,0.533243,52.7128,0.415751081272997
E07000147,North Norfolk,Y,E07000147,103257,Co-Mingled,1,Y,North Norfolk District Council,Collection,51250,21862,29388,2562,45507,19238,26269,2562,5743,2624,3119,0,Y,0.422748148636474,E12000006,East of England,611076,330857,1.1321,52.8339,0.440715883668904
E07000148,Norwich,Y,E07000148,143118,Co-Mingled,1,Y,Norwich City Council,Collection,48451,18703,29747,1947,47121,18666,28455,1947,1330,38,1292,0,Y,0.396129114407589,E12000006,East of England,622355,309773,1.28498,52.6401,0.32924579717436
E07000149,South Norfolk,Y,E07000149,142527,Co-Mingled,1,Y,South Norfolk Council,Collection,59437,25117,34320,2288,55914,24121,31793,2288,3522,996,2527,0,Y,0.431394641771292,E12000006,East of England,628990,295823,1.37323,52.5122,0.392304615967501
E07000163,Craven,Y,E07000163,57090,Co-Mingled,1,Y,Craven District Council,Collection,25490,9325,16165,608,21821,8575,13245,608,3669,750,2920,0,Y,0.392970074698685,E12000003,Yorkshire and The Humber,389513,461989,-2.16168,54.0538,0.38222105447539
E07000164,Hambleton,Y,E07000164,91037,Two Stream,2,Y,Hambleton District Council,Collection,36303,17461,18842,432,36200,17454,18745,432,104,7,97,0,Y,0.482154696132597,E12000003,Yorkshire and The Humber,443009,490546,-1.34049,54.3087,0.397640519788657
E07000165,Harrogate,Y,E07000165,164105,Multi-Stream,3,Y,Harrogate Borough Council,Collection,63331,23864,39467,-447,55349,23552,31797,-447,7982,312,7670,0,Y,0.425518076207339,E12000003,Yorkshire and The Humber,427473,464652,-1.58161,54.0771,0.337277962280247
E07000166,Richmondshire,Y,E07000166,50358,Multi-Stream,3,Y,Richmondshire District Council,Collection,19384,7823,11561,0,19330,7822,11508,0,54,1,53,0,Y,0.404655975168132,E12000003,Yorkshire and The Humber,401039,495786,-1.98552,54.3576,0.383851622383733
E07000167,Ryedale,Y,E07000167,54897,Multi-Stream,3,Y,Ryedale District Council,Collection,25848,10882,14966,-4,22957,10570,12387,-4,2890,311,2579,0,Y,0.460426013851984,E12000003,Yorkshire and The Humber,475590,478890,-0.84277,54.2002,0.418183142976848
E07000168,Scarborough,Y,E07000168,108959,Co-Mingled,1,Y,Scarborough Borough Council,Collection,51512,16489,35023,643,45807,16454,29353,643,5705,36,5670,0,Y,0.359202741939005,E12000003,Yorkshire and The Humber,495798,495548,-0.52778,54.3465,0.420405840729082
E07000169,Selby,Y,E07000169,92401,Multi-Stream,3,Y,Selby District Council,Collection,43612,18549,25062,657,41477,18151,23326,657,2135,398,1736,0,Y,0.437616028160185,E12000003,Yorkshire and The Humber,457551,426670,-1.12908,53.7333,0.448880423372041
E07000170,Ashfield,Y,E07000170,126372,Two Stream,2,Y,Ashfield District Council,Collection,50536,18395,32141,503,48123,17823,30301,503,2413,573,1840,0,Y,0.370363443675581,E12000004,East Midlands,450035,355843,-1.25422,53.0975,0.38080429209002
E07000171,Bassetlaw,Y,E07000171,118351,Co-Mingled,1,Y,Bassetlaw District Council,Collection,48374,12364,36010,983,46786,12364,34422,983,1589,0,1589,0,Y,0.264267088445261,E12000004,East Midlands,468073,384835,-0.9787,53.356,0.395315628934272
E07000172,Broxtowe,Y,E07000172,110813,Two Stream,2,Y,Broxtowe Borough Council,Collection,43787,15378,28409,1006,42190,15042,27148,1006,1597,336,1261,0,Y,0.356529983408391,E12000004,East Midlands,449829,341893,-1.25944,52.9721,0.380731502621534
E07000173,Gedling,Y,E07000173,117298,Two Stream,2,Y,Gedling Borough Council,Collection,48622,15329,33293,1389,46124,15259,30865,1389,2497,70,2427,0,Y,0.330825600555026,E12000004,East Midlands,459184,347811,-1.11907,53.0243,0.393220685774693
E07000174,Mansfield,Y,E07000174,110602,Co-Mingled,1,Y,Mansfield District Council,Collection,48624,15000,33625,1098,45466,14587,30879,1098,3158,413,2745,0,Y,0.320833150046188,E12000004,East Midlands,455047,363637,-1.17804,53.167,0.41107755736786
E07000175,Newark and Sherwood,Y,E07000175,123383,Co-Mingled,1,Y,Newark and Sherwood District Council,Collection,51123,16933,34190,1078,47677,16481,31195,1078,3446,452,2994,0,Y,0.3456803070663,E12000004,East Midlands,470624,357451,-0.94643,53.1096,0.386414660042307
E07000176,Rushcliffe,Y,E07000176,119438,Co-Mingled,1,Y,Rushcliffe Borough Council,Collection,48555,23234,25321,1027,48179,23109,25070,1027,376,124,252,0,Y,0.479648809647357,E12000004,East Midlands,466606,335453,-1.01097,52.9124,0.403380833570555
E07000177,Cherwell,Y,E07000177,161837,Co-Mingled,1,Y,Cherwell District Council,Collection,66205,36197,30008,1370,65456,36174,29282,1370,748,23,726,0,Y,0.552646052309949,E12000008,South East,449301,221201,-1.28506,51.8872,0.404456335695793
E07000178,Oxford,Y,E07000178,160021,Co-Mingled,1,Y,Oxford City Council,Collection,57502,28039,29463,1091,44215,22645,21570,1091,13287,5393,7894,0,Y,0.512156507972408,E12000008,South East,452277,206368,-1.24405,51.7536,0.276307484642641
E07000179,South Oxfordshire,Y,E07000179,150024,Co-Mingled,1,Y,South Oxfordshire District Council,Collection,54436,33986,20450,1347,54228,33986,20242,1347,208,0,208,0,Y,0.62672420151951,E12000008,South East,463890,191964,-1.07847,51.6229,0.361462166053431
E07000180,Vale of White Horse,Y,E07000180,139487,Co-Mingled,1,Y,Vale of White Horse District Council,Collection,48776,30053,18723,1488,48589,30053,18536,1488,187,0,187,0,Y,0.618514478585688,E12000008,South East,435693,195197,-1.48543,51.6544,0.348340705585467
E07000181,West Oxfordshire,Y,E07000181,115161,Multi-Stream,3,Y,West Oxfordshire District Council,Collection,48439,27067,21373,2161,45412,26184,19228,2161,3028,883,2145,0,Y,0.576587686074165,E12000008,South East,434343,215816,-1.50292,51.8399,0.394334887678989
E07000187,Mendip,Y,E50000009,116285,Two Stream,2,Y,Somerset Waste Partnership,Unitary,271604,150246,121358,33,266473,149880,116593,33,5131,366,4765,0,Y,0.562458485475076,E12000009,South West,362238,144090,-2.54178,51.1948,2.29155093090252
E07000188,Sedgemoor,Y,E50000009,125752,Two Stream,2,Y,Somerset Waste Partnership,Unitary,271604,150246,121358,33,266473,149880,116593,33,5131,366,4765,0,Y,0.562458485475076,E12000009,South West,338429,143998,-2.88246,51.1919,2.11903588014505
E07000189,South Somerset,Y,E50000009,173173,Two Stream,2,Y,Somerset Waste Partnership,Unitary,271604,150246,121358,33,266473,149880,116593,33,5131,366,4765,0,Y,0.562458485475076,E12000009,South West,345633,120798,-2.77588,50.984,1.53876759079071
E07000192,Cannock Chase,Y,E07000192,100590,Co-Mingled,1,Y,Cannock Chase Council,Collection,40283,16809,23474,781,40063,16800,23263,781,220,9,211,0,Y,0.419339540224147,E12000005,West Midlands,401261,311553,-1.98277,52.7017,0.398280147131922
E07000193,East Staffordshire,Y,E07000193,124477,Two Stream,2,Y,East Staffordshire Borough Council,Collection,49535,20469,29066,954,48874,20434,28439,954,662,35,627,0,Y,0.418095510905594,E12000005,West Midlands,412601,326569,-1.81438,52.8365,0.392634783935988
E07000194,Lichfield,Y,E07000194,106909,Co-Mingled,1,Y,Lichfield District Council,Collection,44876,19955,24921,1352,43289,19569,23720,1352,1587,385,1201,0,Y,0.452054794520548,E12000005,West Midlands,416283,310967,-1.76049,52.6962,0.404914459961275
E07000195,Newcastle-under-Lyme,Y,E07000195,123025,Two Stream,2,Y,Newcastle-under-Lyme Borough Council,Collection,49392,22589,26803,422,47223,22446,24777,422,2169,143,2026,0,Y,0.475319230036211,E12000005,West Midlands,378199,345174,-2.32631,53.0034,0.383848811217232
E07000196,South Staffordshire,Y,E07000196,110793,Co-Mingled,1,Y,South Staffordshire Council,Collection,44355,20173,24182,772,44355,20173,24182,772,0,0,0,0,Y,0.454807800698907,E12000005,West Midlands,389625,311037,-2.15495,52.6969,0.400341176789147
E07000197,Stafford,Y,E07000197,137231,Two Stream,2,Y,Stafford Borough Council,Collection,54812,25386,29425,1115,54682,25378,29304,1115,129,8,121,0,Y,0.464101532496983,E12000005,West Midlands,389001,327836,-2.16475,52.8479,0.398466818721717
E07000198,Staffordshire Moorlands,Y,E07000198,95993,Co-Mingled,1,Y,Staffordshire Moorlands District Council,Collection,41861,22166,19694,1230,40141,21880,18261,1230,1720,286,1434,0,Y,0.545078597942254,E12000005,West Midlands,400543,352443,-1.99334,53.0692,0.418165907930787
E07000199,Tamworth,Y,E07000199,78838,Co-Mingled,1,Y,Tamworth Borough Council,Collection,30575,11601,18975,875,30436,11601,18835,875,139,0,139,0,Y,0.381160467867,E12000005,West Midlands,421455,302550,-1.68451,52.6203,0.386057484969177
E07000200,Babergh,Y,E07000203,92723,Co-Mingled,1,Y,Mid Suffolk District Council,Collection,80551,31736,48815,3521,75444,30924,44520,3521,5107,812,4295,0,Y,0.409893430889136,E12000006,East of England,599987,244692,0.916149,52.0645,0.813649256387304
E07000202,Ipswich,Y,E07000202,139614,Co-Mingled,1,Y,Ipswich Borough Council,Collection,58789,18858,39931,2198,55102,18052,37050,2198,3687,806,2881,0,Y,0.327610613044899,E12000006,East of England,617161,244456,1.16614,52.0559,0.39467388657298
E07000203,Mid Suffolk,Y,E07000203,103417,Co-Mingled,1,Y,Mid Suffolk District Council,Collection,80551,31736,48815,3521,75444,30924,44520,3521,5107,812,4295,0,Y,0.409893430889136,E12000006,East of England,611646,262338,1.09695,52.2186,0.729512555962753
E07000207,Elmbridge,Y,E07000207,139369,Co-Mingled,1,Y,Elmbridge Borough Council,Collection,52715,26951,25764,1357,52561,26944,25617,1357,155,7,147,0,Y,0.512623428016971,E12000008,South East,511882,163658,-0.39441,51.361,0.37713551794158
E07000208,Epsom and Ewell,Y,E07000208,80998,Two Stream,2,Y,Epsom and Ewell Borough Council,Collection,32490,16761,15729,662,30062,16327,13735,662,2428,434,1994,0,Y,0.543110904131462,E12000008,South East,521176,161475,-0.26172,51.3395,0.371144966542384
E07000209,Guildford,Y,E07000209,143929,Co-Mingled,1,Y,Guildford Borough Council,Collection,59102,33059,26044,1904,54330,32241,22089,1904,4772,817,3955,0,Y,0.59342904472667,E12000008,South East,500408,151481,-0.56257,51.2537,0.377477784185258
E07000210,Mole Valley,Y,E07000210,87608,Co-Mingled,1,Y,Mole Valley District Council,Collection,33187,17997,15190,920,33151,17966,15185,920,36,31,5,0,Y,0.541944436065277,E12000008,South East,518377,148953,-0.30603,51.2275,0.378401515843302
E07000211,Reigate and Banstead,Y,E07000211,151423,Two Stream,2,Y,Reigate and Banstead Borough Council,Collection,58461,31188,27273,921,55903,31057,24846,921,2558,131,2427,0,Y,0.555551580416078,E12000008,South East,525786,152574,-0.19871,51.2585,0.369184337914319
E07000212,Runnymede,Y,E07000212,87739,Co-Mingled,1,Y,Runnymede Borough Council,Collection,31339,14395,16945,389,28867,14313,14554,389,2473,82,2391,0,Y,0.495825683306197,E12000008,South East,501777,166979,-0.53855,51.3927,0.329009904375477
E07000213,Spelthorne,Y,E07000213,102995,Co-Mingled,1,Y,Spelthorne Borough Council,Collection,37289,17107,20182,893,36605,16970,19635,893,684,137,547,0,Y,0.46359786914356,E12000008,South East,507012,169622,-0.46254,51.4155,0.3554056022137
E07000214,Surrey Heath,Y,E07000214,90645,Co-Mingled,1,Y,Surrey Heath Borough Council,Collection,32168,18926,13242,742,31928,18907,13021,742,240,20,221,0,Y,0.592176146329241,E12000008,South East,491362,160483,-0.68986,51.3361,0.35223123172817
E07000215,Tandridge,Y,E07000215,88143,Co-Mingled,1,Y,Tandridge District Council,Collection,34406,20366,14040,875,33894,20318,13576,875,512,48,464,0,Y,0.599457131055644,E12000008,South East,536365,150325,-0.04805,51.2358,0.384534222797046
E07000216,Waverley,Y,E07000216,128878,Co-Mingled,1,Y,Waverley Borough Council,Collection,47226,27785,19441,663,47147,27780,19367,663,79,5,74,0,Y,0.58922094725009,E12000008,South East,496363,140635,-0.62343,51.1569,0.365826595695154
E07000217,Woking,Y,E07000217,103889,Co-Mingled,1,Y,Woking Borough Council,Collection,36015,18286,17728,663,35495,18266,17229,663,520,20,500,0,Y,0.514607691224116,E12000008,South East,499087,157542,-0.57982,51.3084,0.341662736189587
E07000218,North Warwickshire,Y,E07000218,65340,Co-Mingled,1,Y,North Warwickshire Borough Council,Collection,29254,10257,18996,2088,28088,10205,17883,2088,1166,53,1113,0,Y,0.363322415266306,E12000005,West Midlands,425570,296399,-1.6242,52.5648,0.429874502601775
E07000219,Nuneaton and Bedworth,Y,E07000219,134291,Two Stream,2,Y,Nuneaton and Bedworth Borough Council,Collection,52808,19846,32962,72,51389,19838,31552,72,1419,8,1410,0,Y,0.386035922084493,E12000005,West Midlands,435419,289352,-1.47965,52.5009,0.382668980050785
E07000220,Rugby,Y,E07000220,114829,Co-Mingled,1,Y,Rugby Borough Council,Collection,47416,18719,28697,1152,42087,18197,23890,1152,5329,522,4807,0,Y,0.432366288877801,E12000005,West Midlands,446498,276244,-1.31828,52.3823,0.366518910728126
E07000221,Stratford-on-Avon,Y,E07000221,135964,Co-Mingled,1,Y,Stratford-on-Avon District Council,Collection,58182,33087,25095,2184,58040,32206,25834,2184,142,881,-739,0,Y,0.554893177119228,E12000005,West Midlands,425019,251536,-1.63565,52.1615,0.426877702921361
E07000222,Warwick,Y,E07000222,148729,Two Stream,2,Y,Warwick District Council,Collection,55644,30016,25628,372,55524,30008,25516,372,121,8,112,0,Y,0.540450976154456,E12000005,West Midlands,428484,267113,-1.58369,52.3014,0.373323292700146
E07000223,Adur,Y,E07000223,64626,Co-Mingled,1,Y,Adur District Council,Collection,22020,8157,13863,467,19607,8123,11484,467,2413,34,2379,0,Y,0.414290814505024,E12000008,South East,518076,106472,-0.32417,50.8457,0.303391823724198
E07000224,Arun,Y,E07000224,165225,Co-Mingled,1,Y,Arun District Council,Collection,60728,25596,35132,1506,60061,25596,34465,1506,667,0,667,0,Y,0.426166730490668,E12000008,South East,495144,105723,-0.64999,50.8432,0.363510364654259
E07000225,Chichester,Y,E07000225,124531,Co-Mingled,1,Y,Chichester District Council,Collection,55921,23069,32852,908,47632,22392,25240,886,8289,677,7612,22,Y,0.470104131676184,E12000008,South East,490285,116600,-0.7163,50.9418,0.382491106632084
E07000226,Crawley,Y,E07000226,118580,Co-Mingled,1,Y,Crawley Borough Council,Collection,36609,11344,25264,788,35267,11072,24196,788,1341,273,1069,0,Y,0.313947883290328,E12000008,South East,526390,137581,-0.19533,51.1236,0.297411030527914
E07000227,Horsham,Y,E07000227,147487,Co-Mingled,1,Y,Horsham District Council,Collection,62770,30703,32067,1954,56683,30093,26591,1934,6086,610,5477,20,Y,0.530899917082723,E12000008,South East,513674,123840,-0.38126,51.0027,0.384325398170686
E07000228,Mid Sussex,Y,E07000228,152949,Co-Mingled,1,Y,Mid Sussex District Council,Collection,52746,22477,30269,1383,52451,22474,29978,1383,295,3,292,0,Y,0.428476101504261,E12000008,South East,533054,130623,-0.10272,51.0595,0.342931303898685
E07000229,Worthing,Y,E07000229,111657,Co-Mingled,1,Y,Worthing Borough Council,Collection,44486,17145,27342,850,39195,17101,22094,850,5291,44,5247,0,Y,0.436305651231024,E12000008,South East,512679,104948,-0.40127,50.8331,0.351030387705204
E07000234,Bromsgrove,Y,E07000234,99475,Co-Mingled,1,Y,Bromsgrove District Council,Collection,45581,17995,27586,1727,40936,17108,23828,1727,4645,887,3758,0,Y,0.417920656634747,E12000005,West Midlands,399840,273736,-2.00376,52.3617,0.4115204825333
E07000235,Malvern Hills,Y,E07000235,79973,Co-Mingled,1,Y,Malvern Hills District Council,Collection,29021,11725,17296,1300,26974,11147,15827,1300,2047,578,1469,0,Y,0.413249796099948,E12000005,West Midlands,377465,252197,-2.33089,52.1676,0.337288834981806
E07000236,Redditch,Y,E07000236,86996,Co-Mingled,1,Y,Redditch Borough Council,Collection,28712,8283,20429,1226,28279,8008,20271,1226,433,275,158,0,Y,0.283178330209696,E12000005,West Midlands,403705,265253,-1.9471,52.2854,0.325060922341257
E07000237,Worcester,Y,E07000237,103617,Co-Mingled,1,Y,Worcester City Council,Collection,36262,12689,23574,1622,33188,12035,21154,1622,3074,654,2420,0,Y,0.362631071471616,E12000005,West Midlands,385725,255196,-2.21025,52.1948,0.320294932298754
E07000238,Wychavon,Y,E07000238,133100,Co-Mingled,1,Y,Wychavon District Council,Collection,54720,22892,31828,2240,51272,22379,28893,2240,3448,513,2935,0,Y,0.436476049305664,E12000005,West Midlands,398991,247839,-2.01614,52.1289,0.385214124718257
E07000239,Wyre Forest,Y,E07000239,101786,Co-Mingled,1,Y,Wyre Forest District Council,Collection,40834,13490,27343,1622,38665,13042,25622,1622,2169,448,1721,0,Y,0.337307642570801,E12000005,West Midlands,384106,276388,-2.23494,52.3853,0.379865600377262
E07000240,St Albans,Y,E07000240,148641,Two Stream,2,Y,St Albans City and District Council,Collection,53310,33131,20180,162,53046,33127,19919,162,264,4,260,0,Y,0.624495720695246,E12000006,East of England,514580,209623,-0.3407,51.7736,0.356873271842897
E07000241,Welwyn Hatfield,Y,E07000241,119538,Two Stream,2,Y,Welwyn Hatfield Council,Collection,41921,20696,21226,398,40916,20696,20220,398,1006,0,1006,0,Y,0.505816795385668,E12000006,East of England,525345,208467,-0.18518,51.7609,0.342284461844769
E07000242,East Hertfordshire,Y,E07000242,150687,Two Stream,2,Y,East Hertfordshire District Council,Collection,59396,26449,32948,357,56849,26327,30522,357,2548,122,2426,0,Y,0.463104012383683,E12000006,East of England,537995,220370,0.002739,51.8648,0.37726545753781
E07000243,Stevenage,Y,E07000243,89320,Multi-Stream,3,Y,Stevenage Borough Council,Collection,34977,13178,21799,31,32615,12941,19674,31,2362,237,2125,0,Y,0.396780622413,E12000006,East of England,524622,224531,-0.18987,51.9054,0.365147783251232
E07000244,East Suffolk,Y,E07000244,246801,Co-Mingled,1,Y,East Suffolk Council,Collection,111921,43267,68654,5049,102396,41397,60999,5049,9525,1870,7655,0,Y,0.404283370444158,E12000006,East of England,636043,266272,1.45619,52.244,0.414892970449877
E07000245,West Suffolk,Y,E07000245,180820,Co-Mingled,1,Y,West Suffolk Council,Collection,82705,27756,54948,2663,70658,25761,44898,2663,12046,1995,10051,0,Y,0.36458716635059,E12000006,East of England,580944,271124,0.652769,52.3084,0.390764295984957
E07000246,Somerset West and Taunton,Y,E50000009,157909,Two Stream,2,Y,Somerset Waste Partnership,Unitary,271604,150246,121358,33,266473,149880,116593,33,5131,366,4765,0,Y,0.562458485475076,E12000009,South West,304960,130228,-3.35766,51.0635,1.68750989493949
E08000001,Bolton,Y,E08000001,296041,Two Stream,2,Y,Bolton MBC,Collection,99683,47511,52172,1234,93352,47511,45840,1234,6332,0,6332,0,Y,0.5089446396435,E12000002,North West,368352,409873,-2.47952,53.5845,0.315334700261113
E08000002,Bury,Y,E08000002,193823,Two Stream,2,Y,Bury MBC,Collection,69452,34866,34586,841,64376,34664,29711,841,5077,202,4875,0,Y,0.538461538461538,E12000002,North West,379658,410768,-2.3088,53.5931,0.332138084747424
E08000003,Manchester,Y,E08000003,549853,Two Stream,2,Y,Manchester City Council MBC,Collection,176399,67607,108792,4170,168451,66809,101642,4170,7948,798,7150,0,Y,0.396607915654998,E12000002,North West,384591,397063,-2.23359,53.4701,0.306356426172086
E08000004,Oldham,Y,E08000004,242072,Two Stream,2,Y,Oldham MBC,Collection,87133,35924,51209,752,75760,35193,40568,752,11373,732,10641,0,Y,0.464532734952482,E12000002,North West,396603,406784,-2.05274,53.5577,0.312964737763971
E08000005,Rochdale,Y,E08000005,224087,Two Stream,2,Y,Rochdale MBC,Collection,76238,38713,37525,407,74169,37524,36646,407,2069,1190,879,0,Y,0.505925656271488,E12000002,North West,390315,412326,-2.14784,53.6074,0.330983055688193
E08000006,Salford,Y,E08000006,270764,Two Stream,2,Y,Salford City Council MBC,Collection,98848,40845,58003,1705,85168,40768,44401,1705,13680,78,13602,0,Y,0.478677437535225,E12000002,North West,374556,398128,-2.38485,53.4793,0.314546985566767
E08000007,Stockport,Y,E08000007,295243,Two Stream,2,Y,Stockport MBC,Collection,105254,62881,42373,955,104213,62851,41362,955,1042,30,1012,0,Y,0.603101340523735,E12000002,North West,391806,388264,-2.12467,53.3912,0.352973652211907
E08000008,Tameside,Y,E08000008,231199,Two Stream,2,Y,Tameside MBC,Collection,82799,39820,42979,1794,75188,39576,35611,1794,7611,243,7368,0,Y,0.526360589455764,E12000002,North West,394987,397995,-2.077,53.4787,0.325209019070152
E08000009,Trafford,Y,E08000009,235546,Two Stream,2,Y,Trafford MBC,Collection,87142,49189,37953,1189,80702,47469,33233,1182,6441,1721,4720,7,Y,0.588201035909891,E12000002,North West,375790,391162,-2.36572,53.4167,0.342616728791828
E08000010,Wigan,Y,E08000010,329759,Two Stream,2,Y,Wigan MBC,Unitary,148167,80828,67339,3252,140791,74564,66226,3252,7376,6263,1113,0,Y,0.529607716402327,E12000002,North West,362136,402126,-2.57247,53.5145,0.426951197692861
E08000011,Knowsley,Y,E08000011,154974,Co-Mingled,1,Y,Knowsley MBC,Collection,63531,17554,45977,3854,61962,16391,45571,3854,1569,1163,406,0,Y,0.26453310093283,E12000002,North West,344762,393778,-2.83297,53.4379,0.399821905609973
E08000012,Liverpool,Y,E08000012,484488,Co-Mingled,1,Y,Liverpool City Council,Collection,194409,44042,150367,9516,192247,44042,148206,9516,2162,0,2162,0,Y,0.229090701025244,E12000002,North West,339361,390553,-2.91364,53.4083,0.396804461617212
E08000013,St. Helens,Y,E08000013,183391,Multi-Stream,3,Y,St Helens MBC,Collection,73818,27796,46022,171,68104,25071,43033,171,5714,2725,2989,0,Y,0.36812815693645,E12000002,North West,353412,395992,-2.7031,53.4586,0.371359554176595
E08000014,Sefton,Y,E08000014,279692,Co-Mingled,1,Y,Sefton MBC,Collection,119614,39369,80244,8292,118602,39340,79262,8292,1012,29,983,0,Y,0.331697610495607,E12000002,North West,334282,398832,-2.99177,53.4821,0.424045020951618
E08000015,Wirral,Y,E08000015,320600,Co-Mingled,1,Y,Wirral MBC,Collection,129920,41421,88499,5085,127683,41252,86431,5085,2237,169,2068,0,Y,0.32308138123321,E12000002,North West,329110,386965,-3.06701,53.3748,0.398262632563943
E08000016,Barnsley,Y,E08000016,244893,Two Stream,2,Y,Barnsley MBC,Unitary,117462,51516,65946,295,106474,47785,58689,295,10988,3731,7257,0,Y,0.448795010988598,E12000003,Yorkshire and The Humber,429979,403327,-1.54925,53.5258,0.434777637580494
E08000017,Doncaster,Y,E08000017,308705,Two Stream,2,Y,Doncaster MBC,Unitary,157994,71721,86273,2595,141883,63544,78339,2595,16110,8177,7934,0,Y,0.44786197077874,E12000003,Yorkshire and The Humber,459167,403735,-1.10894,53.527,0.459607068236666
E08000018,Rotherham,Y,E08000018,266183,Two Stream,2,Y,Rotherham MBC,Unitary,114013,51939,62075,3510,107853,48570,59283,3510,6160,3369,2791,0,Y,0.450335178437317,E12000003,Yorkshire and The Humber,447542,388980,-1.28651,53.3955,0.40518365184854
E08000019,Sheffield,Y,E08000019,554401,Two Stream,2,Y,Sheffield City Council,Unitary,201398,68548,132850,409,193078,61964,131114,409,8320,6584,1736,0,Y,0.320927293632625,E12000003,Yorkshire and The Humber,430511,389736,-1.54254,53.4036,0.348264162582679
E08000021,Newcastle upon Tyne,Y,E08000021,298264,Two Stream,2,Y,Newcastle-upon-Tyne City Council MBC,Unitary,138662,49755,88907,3020,110680,40605,70075,3020,27982,9150,18832,0,Y,0.366868449584387,E12000001,North East,422287,569661,-1.65297,55.021,0.371080653380897
E08000022,North Tyneside,Y,E08000022,209151,Two Stream,2,Y,North Tyneside Council,Unitary,97176,33027,64149,1516,89955,31621,58334,1516,7221,1406,5814,0,Y,0.351520204546718,E12000001,North East,431471,570602,-1.50923,55.029,0.430095959378631
E08000023,South Tyneside,Y,E08000023,147915,Two Stream,2,Y,South Tyneside MBC,Unitary,78529,25473,53056,1735,66859,21641,45218,1735,11670,3832,7838,0,Y,0.323681179796288,E12000001,North East,435514,564057,-1.44679,54.9699,0.45200960010817
E08000024,Sunderland,Y,E08000024,274211,Two Stream,2,Y,Sunderland City Council,Unitary,129589,37708,91881,1986,117816,35146,82670,1986,11773,2562,9212,0,Y,0.298312623073267,E12000001,North East,436470,551524,-1.43344,54.8572,0.429654536105408
E08000025,Birmingham,Y,E08000025,1142494,Two Stream,2,Y,Birmingham City Council,Unitary,463335,98981,364354,8796,401225,91670,309555,8508,62110,7311,54800,288,Y,0.228475294410867,E12000005,West Midlands,408150,287352,-1.88141,52.484,0.351183463545542
E08000026,Coventry,Y,E08000026,343320,Co-Mingled,1,Y,Coventry City Council,Unitary,153102,40401,112701,7025,122265,34976,87290,7025,30837,5425,25411,0,Y,0.286067149225044,E12000005,West Midlands,432807,279689,-1.51908,52.4142,0.356125480601188
E08000027,Dudley,Y,E08000027,323581,Multi-Stream,3,Y,Dudley MBC,Unitary,142704,49220,93484,489,127424,46388,81037,489,15279,2832,12447,0,Y,0.364044450025113,E12000005,West Midlands,393191,288584,-2.10171,52.4951,0.393793207883034
E08000028,Sandwell,Y,E08000028,341729,Co-Mingled,1,Y,Sandwell MBC,Unitary,140802,36958,103844,8710,128000,34887,93113,8710,12802,2070,10731,0,Y,0.2725546875,E12000005,West Midlands,399573,290764,-2.00771,52.5148,0.374565810920349
E08000029,Solihull,Y,E08000029,216666,Two Stream,2,Y,Solihull MBC,Unitary,96858,36148,60711,3141,91174,32102,59072,3141,5684,4045,1639,0,Y,0.352095992278501,E12000005,West Midlands,419434,281483,-1.71558,52.431,0.420804371705759
E08000030,Walsall,Y,E08000030,284306,Co-Mingled,1,Y,Walsall MBC,Unitary,127441,43150,84292,3119,117072,39279,77793,3119,10370,3871,6498,0,Y,0.335511480114801,E12000005,West Midlands,402098,300804,-1.97044,52.605,0.411781671860601
E08000031,Wolverhampton,Y,E08000031,264036,Co-Mingled,1,Y,Wolverhampton MBC,Unitary,120981,42448,78534,2690,102378,38137,64242,2690,18603,4311,14292,0,Y,0.372511672429624,E12000005,West Midlands,391463,300016,-2.12746,52.5979,0.387742580557197
E08000032,Bradford,Y,E08000032,546976,Co-Mingled,1,Y,Bradford City MDC (MBC),Unitary,235933,84787,151146,19852,206356,74459,131897,19852,29577,10328,19249,0,Y,0.360827889666402,E12000003,Yorkshire and The Humber,408395,438626,-1.87389,53.8438,0.377267009887088
E08000033,Calderdale,Y,E08000033,206818,Multi-Stream,3,Y,Calderdale MBC,Unitary,84125,43361,40764,219,83580,42814,40767,219,545,548,-3,0,Y,0.5122517348648,E12000003,Yorkshire and The Humber,402617,424896,-1.96182,53.7205,0.404123432196424
E08000034,Kirklees,Y,E08000034,433355,Co-Mingled,1,Y,Kirklees MBC,Unitary,189729,49166,140563,5168,161717,43485,118232,5168,28012,5680,22332,0,Y,0.26889566341201,E12000003,Yorkshire and The Humber,414586,416223,-1.78085,53.6423,0.373174418202167
E08000035,Leeds,Y,E08000035,809036,Co-Mingled,1,Y,Leeds City Council MBC,Unitary,340495,125426,215069,9591,317123,114208,202915,9591,23373,11218,12154,0,Y,0.360137864487912,E12000003,Yorkshire and The Humber,432528,436384,-1.50736,53.8227,0.391976376823775
E08000036,Wakefield,Y,E08000036,353802,Co-Mingled,1,Y,Wakefield City MDC,Unitary,180921,82817,98104,6489,161796,79558,82238,6489,19125,3259,15866,0,Y,0.491717965833519,E12000003,Yorkshire and The Humber,438366,418235,-1.42092,53.6592,0.457306629131548
E08000037,Gateshead,Y,E08000037,196154,Two Stream,2,Y,Gateshead MBC,Unitary,97432,30381,67052,2642,90005,28561,61444,2642,7427,1819,5608,0,Y,0.317326815176935,E12000001,North East,420159,559652,-1.68694,54.9311,0.458848659726541
E09000001,City of London,Y,E09000001,8618,Co-Mingled,1,Y,City of London,Unitary,4581,1127,3453,55,3432,1096,2336,55,1149,31,1117,0,Y,0.319347319347319,E12000007,London,532382,181358,-0.09351,51.5156,0.39823624970991
E09000002,Barking and Dagenham,Y,E09000002,218534,Co-Mingled,1,Y,Barking and Dagenham LB,Collection,92982,27906,65076,1312,85560,26103,59457,1312,7422,1802,5620,0,Y,0.305084151472651,E12000007,London,547757,185111,0.129479,51.5456,0.391518024655202
E09000003,Barnet,Y,E09000003,388639,Co-Mingled,1,Y,Barnet LB,Collection,157888,45184,112704,3870,144363,43006,101357,3870,13525,2178,11347,0,Y,0.297901816947556,E12000007,London,523473,191752,-0.21819,51.6111,0.371457831046292
E09000004,Bexley,Y,E09000004,246543,Multi-Stream,3,Y,Bexley LB,Unitary,109203,43936,65267,1181,90450,38610,51840,1181,18753,5326,13427,0,Y,0.426865671641791,E12000007,London,549202,175434,0.146212,51.4582,0.36687312152444
E09000005,Brent,Y,E09000005,338918,Co-Mingled,1,Y,Brent LB,Collection,112526,34026,78499,4851,89738,33961,55777,4851,22788,65,22723,0,Y,0.37844614321692,E12000007,London,519615,186465,-0.27568,51.5644,0.264777910881098
E09000006,Bromley,Y,E09000006,329830,Two Stream,2,Y,Bromley LB,Unitary,150942,63556,87386,3429,128563,62590,65973,3429,22380,966,21414,0,Y,0.486843026376174,E12000007,London,542036,165707,0.039246,51.3727,0.389785647151563
E09000007,Camden,Y,E09000007,210390,Co-Mingled,1,Y,Camden LB,Collection,90315,23189,67126,2479,63001,17679,45322,2479,27314,5510,21804,0,Y,0.280614593419152,E12000007,London,527491,184283,-0.16291,51.543,0.29944864299634
E09000008,Croydon,Y,E09000008,390506,Two Stream,2,Y,Croydon LB,Unitary,159819,57939,101880,3322,140341,54047,86294,3322,19478,3892,15585,0,Y,0.385111977255399,E12000007,London,533922,164744,-0.07761,51.366,0.359382442267212
E09000009,Ealing,Y,E09000009,366127,Co-Mingled,1,Y,Ealing LB,Collection,120872,41922,78950,2962,87977,41914,46063,2962,32895,8,32887,0,Y,0.476419973402139,E12000007,London,517055,181959,-0.3141,51.5244,0.240290937297714
E09000010,Enfield,Y,E09000010,329601,Co-Mingled,1,Y,Enfield LB,Collection,134930,35544,99386,9747,109510,33853,75657,9747,25419,1691,23728,0,Y,0.309131586156515,E12000007,London,532831,196198,-0.08144,51.6489,0.332250205551561
E09000011,Greenwich,Y,E09000011,289254,Co-Mingled,1,Y,Greenwich LB,Unitary,117439,36047,81392,3328,107383,33821,73561,3308,10057,2225,7831,20,Y,0.314956743618636,E12000007,London,542507,175878,0.050093,51.4639,0.371241192861637
E09000012,Hackney,Y,E09000012,259956,Co-Mingled,1,Y,Hackney LB,Collection,118175,31523,86652,2279,86863,25266,61597,2279,31312,6257,25055,0,Y,0.290871832656022,E12000007,London,534560,185787,-0.06045,51.5549,0.334145009155396
E09000013,Hammersmith and Fulham,Y,E09000013,183295,Co-Mingled,1,Y,Hammersmith and Fulham LB,Collection,69886,12189,57697,1998,44558,11704,32854,1998,25328,486,24842,0,Y,0.262668881009022,E12000007,London,523867,177993,-0.21735,51.4873,0.243094465206361
E09000014,Haringey,Y,E09000014,264130,Co-Mingled,1,Y,Haringey LB,Collection,102037,26917,75120,3352,83752,25295,58456,3352,18286,1622,16664,0,Y,0.302022638265355,E12000007,London,531260,189349,-0.1067,51.5877,0.317086283269602
E09000015,Harrow,Y,E09000015,260987,Co-Mingled,1,Y,Harrow LB,Collection,95869,32622,63247,465,90912,32421,58491,465,4957,201,4756,0,Y,0.356619588173178,E12000007,London,515359,189736,-0.33598,51.5947,0.34833918930828
E09000016,Havering,Y,E09000016,262022,Co-Mingled,1,Y,Havering LB,Collection,114892,43273,71619,1464,109978,40299,69679,1464,4914,2974,1940,0,Y,0.36642783102075,E12000007,London,555032,187514,0.235368,51.5652,0.419728114433139
E09000017,Hillingdon,Y,E09000017,304792,Co-Mingled,1,Y,Hillingdon LB,Collection,130829,43075,87753,2692,107926,41217,66709,2692,22903,1858,21045,0,Y,0.38190056149584,E12000007,London,508166,183121,-0.44182,51.5366,0.354097220399486
E09000018,Hounslow,Y,E09000018,287940,Multi-Stream,3,Y,Hounslow LB,Collection,108111,33898,74213,-49,92438,33151,59286,-49,15674,747,14927,0,Y,0.35862956792661,E12000007,London,512737,174959,-0.37855,51.4624,0.321032159477669
E09000019,Islington,Y,E09000019,216767,Co-Mingled,1,Y,Islington LB,Collection,96207,20806,75401,1547,58261,17544,40717,1547,37946,3262,34684,0,Y,0.301127684042498,E12000007,London,531160,184645,-0.10989,51.5455,0.26877246075279
E09000020,Kensington and Chelsea,Y,E09000020,143940,Co-Mingled,1,Y,Royal Borough of Kensington and Chelsea,Collection,70932,15220,55712,1065,47237,10903,36334,1065,23695,4317,19378,0,Y,0.230814827359909,E12000007,London,525756,179058,-0.18977,51.4965,0.328171460330693
E09000021,Kingston upon Thames,Y,E09000021,167845,Two Stream,2,Y,Royal Borough of Kingston upon Thames,Unitary,64138,30460,33679,837,60330,29026,31304,837,3809,1433,2375,0,Y,0.481120503895243,E12000007,London,519508,167389,-0.28367,51.393,0.35943876791087
E09000022,Lambeth,Y,E09000022,317498,Co-Mingled,1,Y,Lambeth LB,Collection,118530,26921,91608,3271,71833,24795,47039,3271,46696,2127,44570,0,Y,0.34517561566411,E12000007,London,531118,175629,-0.11385,51.4645,0.226247094469886
E09000023,Lewisham,Y,E09000023,299810,Co-Mingled,1,Y,Lewisham LB,Unitary,113647,25831,87816,2728,92194,25068,67126,2728,21453,762,20691,0,Y,0.27190489619715,E12000007,London,537888,173343,-0.01734,51.4423,0.307508088456022
E09000024,Merton,Y,E09000024,215324,Two Stream,2,Y,Merton LB,Unitary,78498,32515,45983,195,71215,29916,41299,195,7284,2599,4684,0,Y,0.42008003931756,E12000007,London,526068,169508,-0.18868,51.4106,0.330734149467779
E09000025,Newham,Y,E09000025,350626,Co-Mingled,1,Y,Newham LB,Collection,134838,33295,101543,1150,126213,31300,94913,1150,8625,1996,6629,0,Y,0.247993471353981,E12000007,London,540713,183346,0.027261,51.5315,0.35996474876364
E09000026,Redbridge,Y,E09000026,309836,Two Stream,2,Y,Redbridge LB,Collection,111132,32401,78732,1244,102110,31124,70986,1244,9022,1277,7745,0,Y,0.304808539810009,E12000007,London,543512,189477,0.070085,51.5859,0.32956144540983
E09000027,Richmond upon Thames,Y,E09000027,195232,Two Stream,2,Y,Richmond upon Thames LB,Collection,80154,32143,48011,382,73377,29966,43411,382,6776,2176,4600,0,Y,0.408384098559494,E12000007,London,519005,172650,-0.28914,51.4403,0.375845148336338
E09000028,Southwark,Y,E09000028,306374,Co-Mingled,1,Y,Southwark LB,Unitary,121956,40784,81171,3533,111574,39809,71765,3533,10381,975,9406,0,Y,0.356794593722552,E12000007,London,533945,175869,-0.07308,51.4659,0.364175811263358
E09000029,Sutton,Y,E09000029,209517,Two Stream,2,Y,Sutton LB,Unitary,76446,33128,43318,1675,71152,31549,39603,1675,5295,1579,3716,0,Y,0.443402855857882,E12000007,London,527357,163639,-0.17226,51.3576,0.339600127913248
E09000030,Tower Hamlets,Y,E09000030,312273,Co-Mingled,1,Y,Tower Hamlets LB,Unitary,113107,20368,92739,3083,88273,17403,70870,3083,24834,2965,21868,0,Y,0.197149751339594,E12000007,London,536340,181452,-0.03647,51.5155,0.282678937980549
E09000031,Waltham Forest,Y,E09000031,278050,Co-Mingled,1,Y,Waltham Forest LB,Collection,109480,35154,74326,5170,100835,32277,68558,5170,8645,2877,5768,0,Y,0.320097188476224,E12000007,London,537328,190278,-0.0188,51.5946,0.362650602409639
E09000032,Wandsworth,Y,E09000032,328367,Co-Mingled,1,Y,Wandsworth LB,Collection,105926,22978,82948,3183,99366,22735,76631,3183,6560,243,6317,0,Y,0.228800595777228,E12000007,London,525152,174138,-0.20021,51.4524,0.30260653476141
E09000033,Westminster,Y,E09000033,205087,Co-Mingled,1,Y,Westminster City Council,Unitary,155708,30108,125601,1700,73207,15323,57884,1700,82502,14785,67717,0,Y,0.209310585053342,E12000007,London,528268,180871,-0.15295,51.5122,0.35695582850205
