lad21cd,local_authority,population,imd_average_score,ruc21_settlement_class,rurality,collection_type,household_collected,household_recycled,household_recycle_rate,population_density
E06000001,Hartlepool,92571,35.037,Urban,0.031,Co-Mingled,39552,12893,0.325975930420712,941.230200452121
E06000002,Middlesbrough,143734,40.46,Urban,0.002,Co-Mingled,64433,19169,0.297502832399547,2634.73053405719
E06000003,Redcar and Cleveland,136616,29.792,Intermediate urban,0.317,Two Stream,57866,22077,0.381519372342999,538.313163105043
E06000004,Stockton-on-Tees,197030,25.79,Urban,0.056,Multi-Stream,88050,22592,0.256581487791028,939.442331490036
E06000005,Darlington,108222,25.657,Urban,0.131,Multi-Stream,46203,14968,0.323961647512066,548.021182463985
E06000006,Halton,128577,32.325,Urban,0.007,Co-Mingled,59958,22137,0.369208445912139,1423.54775009183
E06000007,Warrington,211227,18.942,Urban,0.086,Co-Mingled,94463,39753,0.420831436647153,1158.14670248608
E06000008,Blackburn with Darwen,154922,36.013,Urban,0.045,Two Stream,54455,16558,0.304067578734735,1130.63530091958
E06000009,Blackpool,140954,45.039,Urban,0,Two Stream,65295,27249,0.417321387548817,3266.54657521039
E06000010,"Kingston upon Hull, City of",266463,40.564,Urban,0,Co-Mingled,110225,52902,0.479945565887956,3270.7342281332
E06000011,East Riding of Yorkshire,343143,15.605,Intermediate rural,0.436,Co-Mingled,178205,107044,0.60067899329424,137.709715610195
E06000012,North East Lincolnshire,157197,31.335,Urban,0.066,Multi-Stream,73462,28534,0.388418502082709,775.65885747239
E06000013,North Lincolnshire,169940,22.096,Intermediate rural,0.442,Multi-Stream,85641,44272,0.516948657769059,193.356781502698
E06000014,York,201672,11.727,Urban,0.138,Multi-Stream,83151,35900,0.431744657310195,741.414853952864
E06000015,Derby,261136,26.323,Urban,0,Co-Mingled,103109,38454,0.37294513573015,3346.56208592053
E06000016,Leicester,366018,30.877,Urban,0.002,Co-Mingled,133016,48563,0.365091417573826,4990.55987274994
E06000017,Rutland,41381,8.381,Rural,0.65,Co-Mingled,20248,10416,0.514421177400237,105.094894923236
E06000018,Nottingham,319566,34.891,Urban,0,Two Stream,117450,29705,0.25291613452533,4282.94829988433
E06000019,"Herefordshire, County of",187557,18.89,Rural,0.54,Co-Mingled,73611,28830,0.391653421363655,86.0467896709603
E06000020,Telford and Wrekin,185842,24.988,Urban,0.06,Two Stream,89832,44132,0.491272597738,640.142370702971
E06000021,Stoke-on-Trent,258037,34.504,Urban,0.002,Two Stream,106685,36800,0.344940713314899,2761.27545262188
E06000022,Bath and North East Somerset,192423,11.745,Intermediate urban,0.235,Two Stream,75403,44602,0.591514926461812,548.021301785006
E06000023,"Bristol, City of",471117,26.363,Urban,0,Multi-Stream,165996,75760,0.456396539675655,2000.990698487
E06000024,North Somerset,217399,15.825,Intermediate urban,0.207,Multi-Stream,98294,58480,0.594949844344518,556.766449341973
E06000025,South Gloucestershire,290736,11.66,Urban,0.115,Multi-Stream,122522,73355,0.598708803316955,541.651479133597
E06000026,Plymouth,264727,26.619,Urban,0,Co-Mingled,107829,37245,0.345408007122388,3137.6992681681
E06000027,Torbay,139446,28.104,Urban,0.003,Two Stream,58274,21611,0.370851494663143,1167.37759954365
E06000030,Swindon,233713,18.622,Urban,0.101,Multi-Stream,95499,34901,0.365459324181405,1015.73110673337
E06000031,Peterborough,216349,27.821,Urban,0.106,Co-Mingled,86036,33461,0.388918592217211,629.95091280141
E06000032,Luton,224826,25.908,Urban,0,Two Stream,78753,22541,0.28622401686285,5185.99952523004
E06000033,Southend-on-Sea,180601,22.375,Urban,0,Two Stream,78028,33546,0.429922591890091,2657.30014341097
E06000034,Thurrock,175902,20.928,Urban,0.134,Co-Mingled,71269,20454,0.286997151636757,953.752802701362
E06000035,Medway,279827,23.936,Urban,0.116,Two Stream,123123,49911,0.405375112692186,1040.54564192482
E06000036,Bracknell Forest,125174,10.241,Urban,0.021,Co-Mingled,48361,27178,0.561981762163727,1144.35158990796
E06000037,West Berkshire,161865,9.952,Intermediate rural,0.387,Multi-Stream,74019,36263,0.489914751617828,229.866563531611
E06000038,Reading,173170,19.619,Urban,0,Co-Mingled,56349,28993,0.514525546149887,4286.5991358475
E06000039,Slough,158289,22.965,Urban,0,Co-Mingled,52705,14050,0.266578123517693,4864.14344452513
E06000040,Windsor and Maidenhead,153921,8.376,Urban,0.102,Co-Mingled,64858,32708,0.504301705263807,775.705267211636
E06000041,Wokingham,178169,5.846,Urban,0.17,Co-Mingled,71568,38807,0.54223954840152,995.549517796236
E06000042,Milton Keynes,288201,17.98,Urban,0.067,Two Stream,121438,62984,0.518651492942901,933.817180188143
E06000043,Brighton and Hove,276334,20.761,Urban,0,Two Stream,102209,30755,0.300903051590369,3236.29566033
E06000044,Portsmouth,206828,26.899,Urban,0,Co-Mingled,72871,19712,0.270505413676222,3439.15854419498
E06000045,Southampton,247256,26.876,Urban,0,Two Stream,89497,24778,0.27685844218242,4385.12511418901
E06000046,Isle of Wight,140889,23.294,Intermediate rural,0.375,Two Stream,61609,29537,0.479426707136944,358.65635243223
E06000047,County Durham,521346,26.793,Intermediate rural,0.43,Two Stream,245246,93388,0.380793162783491,233.514228438376
E06000049,Cheshire East,400528,14.475,Urban,0.18,Co-Mingled,199826,112554,0.563260036231521,343.40075051346
E06000050,Cheshire West and Chester,357699,18.083,Intermediate urban,0.256,Multi-Stream,170703,98357,0.57618788187671,380.04274596785
E06000051,Shropshire,324716,17.153,Rural,0.573,Two Stream,170499,90093,0.528407791248043,101.560222751046
E06000052,Cornwall,572010,23.072,Rural,0.554,Multi-Stream,281581,95761,0.340083315280505,158.367007764768
E06000053,Isles of Scilly,2271,12.005,Rural,1,Co-Mingled,1373,553,0.402767662053897,99.3810879732508
E06000054,Wiltshire,513411,13.447,Intermediate rural,0.413,Two Stream,218290,92163,0.422204406981538,157.713571096525
E06000055,Bedford,185761,18.932,Intermediate urban,0.318,Co-Mingled,77007,28511,0.37023906917553,389.919737981403
E06000056,Central Bedfordshire,295541,12.152,Intermediate rural,0.362,Co-Mingled,127334,58357,0.45829864765106,412.959799919239
E06000057,Northumberland,321558,22.079,Intermediate rural,0.451,Co-Mingled,158590,50684,0.319591399205498,63.319740834268
E06000058,"Bournemouth, Christchurch and Poole",400109,18.173,Urban,0.017,Co-Mingled,173327,82170,0.474075014279368,2300.37469632648
E06000059,Dorset,381292,15.735,Intermediate rural,0.467,Two Stream,182942,109436,0.598200522569995,151.241869610722
E06000060,Buckinghamshire,555257,10.0742837695989,Intermediate urban,0.289,Two Stream,239199,117684,0.491992023378024,354.808333602971
E06000061,North Northamptonshire,360381,19.6852609181341,Intermediate urban,0.267,Co-Mingled,158678,71985,0.453654570891995,365.277705415594
E06000062,West Northamptonshire,426462,17.535224441427,Intermediate urban,0.274,Co-Mingled,189987,90407,0.475858874554575,308.941873098263
E07000008,Cambridge,144714,14.855,Urban,0,Co-Mingled,107230,52437,0.489014268395039,3555.73155252721
E07000009,East Cambridgeshire,88145,11.507,Rural,0.626,Co-Mingled,32810,18559,0.565650716245047,135.249716751303
E07000010,Fenland,102742,25.426,Intermediate urban,0.235,Co-Mingled,43500,17293,0.397540229885058,187.706196981166
E07000011,Huntingdonshire,181804,12.55,Rural,0.503,Co-Mingled,72830,40451,0.555416723877523,199.22725491182
E07000012,South Cambridgeshire,163002,8.496,Rural,0.667,Co-Mingled,107230,52437,0.489014268395039,180.774451666036
E07000026,Allerdale,96384,22.938,Rural,0.683,Two Stream,40856,14707,0.359971607597415,73.0547361550333
E07000027,Barrow-in-Furness,67375,31.117,Urban,0.18,Two Stream,25474,4519,0.177396561199655,510.125671438237
E07000028,Carlisle,110255,21.997,Intermediate urban,0.275,Multi-Stream,44568,18280,0.410159755878657,104.329826706028
E07000029,Copeland,67176,25.012,Rural,0.644,Multi-Stream,27307,9775,0.357966821694071,86.6182461018501
E07000030,Eden,54955,16.328,Rural,0.695,Multi-Stream,21137,9316,0.440743719543928,25.4837611120828
E07000031,South Lakeland,104676,12.501,Rural,0.6,Multi-Stream,45328,20398,0.450008824567596,60.0382444947773
E07000032,Amber Valley,126489,17.97,Intermediate urban,0.235,Two Stream,48186,14230,0.295313991615822,476.529598166169
E07000033,Bolsover,80476,25.047,Intermediate rural,0.471,Two Stream,34347,13235,0.385332052289865,501.925201604629
E07000034,Chesterfield,103672,24.926,Urban,0.009,Two Stream,41584,17869,0.429708541746826,1569.94835447021
E07000035,Derbyshire Dales,71681,11.895,Rural,0.771,Two Stream,26376,13592,0.515316954807401,90.1287214923935
E07000036,Erewash,113047,18.818,Urban,0.163,Co-Mingled,46898,19593,0.417779009765875,1031.16804697319
E07000037,High Peak,91104,15.642,Intermediate urban,0.299,Co-Mingled,35419,16899,0.477116801716593,168.631790803055
E07000038,North East Derbyshire,102315,17.399,Intermediate rural,0.397,Two Stream,41205,18668,0.453051814100231,371.212870328925
E07000039,South Derbyshire,108063,14.494,Intermediate rural,0.411,Two Stream,44048,20591,0.467467308390846,319.592961239815
E07000040,East Devon,152120,12.764,Rural,0.528,Two Stream,49528,30234,0.610442577935713,184.959508642906
E07000041,Exeter,129307,16.215,Urban,0,Co-Mingled,39122,9979,0.255073871478963,2700.37733591529
E07000042,Mid Devon,83186,16.928,Rural,0.745,Two Stream,29223,15682,0.53663210484892,91.1227843363665
E07000043,North Devon,99435,20.559,Rural,0.538,Multi-Stream,39138,18881,0.48242117635035,90.0083598287064
E07000044,South Hams,89213,13.724,Rural,0.803,Two Stream,31936,14907,0.466777304609219,98.5550283885853
E07000045,Teignbridge,135216,15.893,Intermediate rural,0.432,Multi-Stream,51379,28567,0.556005371844528,198.831632222456
E07000046,Torridge,68475,23.269,Rural,0.551,Multi-Stream,25026,13481,0.538679773036043,68.799345700525
E07000047,West Devon,57488,18.052,Rural,0.778,Multi-Stream,18268,9879,0.540781694766805,49.3572940824644
E07000061,Eastbourne,101593,22.11,Urban,0,Co-Mingled,34901,13562,0.388584854302169,2241.12445390139
E07000062,Hastings,90959,34.281,Urban,0,Co-Mingled,32152,10039,0.312235630753919,2953.10914745853
E07000063,Lewes,100194,15.758,Intermediate urban,0.213,Co-Mingled,34807,14278,0.410204843853248,340.335288112719
E07000064,Rother,93429,19.768,Rural,0.519,Two Stream,40115,18644,0.464763804063318,180.670570769203
E07000065,Wealden,160749,12.311,Intermediate rural,0.355,Co-Mingled,63253,30901,0.488530188291465,192.246542328967
E07000066,Basildon,187659,23.243,Urban,0.002,Two Stream,83707,37873,0.452447226635765,1699.05361767747
E07000067,Braintree,155710,14.723,Intermediate rural,0.357,Co-Mingled,64039,30144,0.470713159168632,254.549567860898
E07000068,Brentwood,77103,10.007,Intermediate urban,0.28,Two Stream,30551,12422,0.406598802003208,503.532921378278
E07000069,Castle Point,89708,16.842,Urban,0,Two Stream,35471,16895,0.476304586845592,1410.01385359399
E07000070,Chelmsford,181763,12.221,Urban,0.195,Multi-Stream,74532,31126,0.417619277625718,529.925450993782
E07000071,Colchester,192424,16.778,Intermediate urban,0.252,Multi-Stream,64333,35249,0.547914756035005,554.89875109106
E07000072,Epping Forest,134909,15.068,Intermediate urban,0.256,Two Stream,56924,30873,0.542354718572131,397.980290544568
E07000073,Harlow,93374,21.413,Urban,0,Co-Mingled,29762,11808,0.396747530407903,3057.64140562397
E07000074,Maldon,66627,14.169,Rural,0.647,Two Stream,25859,15076,0.583007850264898,155.652666884361
E07000075,Rochford,86186,10.449,Urban,0.119,Co-Mingled,35272,21127,0.598973690179179,327.827558167002
E07000076,Tendring,148934,30.484,Intermediate urban,0.323,Two Stream,52857,21371,0.4043173089657,406.720534213855
E07000077,Uttlesford,91948,9.258,Rural,0.704,Co-Mingled,34074,17645,0.517843517051124,143.403694644829
E07000078,Cheltenham,118866,14.26,Urban,0,Multi-Stream,49065,24640,0.502190971160705,2550.98769298791
E07000079,Cotswold,91125,11.061,Rural,0.791,Multi-Stream,39994,23672,0.591888783317498,78.2508287093398
E07000080,Forest of Dean,87140,18.013,Rural,0.65,Multi-Stream,35293,19153,0.542685518374749,155.29504272398
E07000081,Gloucester,132538,21.807,Urban,0,Two Stream,47585,20779,0.436671219922244,3246.36179656489
E07000082,Stroud,121529,10.797,Intermediate urban,0.269,Two Stream,39391,22933,0.58218882485847,255.218656289174
E07000083,Tewkesbury,95429,12.142,Intermediate urban,0.292,Co-Mingled,37331,20188,0.540783798987437,229.962753859135
E07000084,Basingstoke and Deane,185656,12.823,Intermediate urban,0.26,Two Stream,64128,19027,0.296703468063872,292.917275439809
E07000085,East Hampshire,126199,10.284,Intermediate rural,0.367,Two Stream,42192,15506,0.367510428517254,245.317130386781
E07000086,Eastleigh,136974,10.192,Urban,0.005,Two Stream,46861,20552,0.438573653997994,1606.03778914942
E07000087,Fareham,114993,9.019,Urban,0.007,Co-Mingled,36449,12823,0.351806633926857,1476.42242820437
E07000088,Gosport,82178,20.541,Urban,0,Co-Mingled,26336,7156,0.271719319562576,2976.61551860276
E07000089,Hart,100293,5.544,Intermediate urban,0.299,Two Stream,34928,14300,0.409413650939075,465.904640255663
E07000090,Havant,124470,21.806,Urban,0.015,Co-Mingled,44407,14472,0.325894566172,1576.64400752064
E07000091,New Forest,176262,13.015,Intermediate urban,0.308,Two Stream,59675,19534,0.327339757017176,227.058163977735
E07000092,Rushmoor,100068,15.903,Urban,0,Two Stream,33463,12323,0.368257478408989,2562.88634875053
E07000093,Test Valley,131190,11.931,Intermediate urban,0.323,Co-Mingled,46620,17941,0.384834834834835,209.027158953578
E07000094,Winchester,127916,9.615,Intermediate rural,0.447,Two Stream,43378,17597,0.405666466872608,193.501171025425
E07000095,Broxbourne,99138,17.989,Urban,0,Multi-Stream,36874,15420,0.418180832022563,1927.1687778842
E07000096,Dacorum,155217,13.004,Urban,0.087,Co-Mingled,58453,30820,0.527261218414795,730.514086440353
E07000098,Hertsmere,108105,13.938,Urban,0.137,Two Stream,39871,17679,0.443404981063931,1068.99005607908
E07000099,North Hertfordshire,133571,11.627,Urban,0.17,Two Stream,48435,27953,0.577123980592547,355.826565059614
E07000102,Three Rivers,93952,9.871,Urban,0.021,Co-Mingled,33805,21453,0.634610264753735,1057.73009077866
E07000103,Watford,102451,15.41,Urban,0,Co-Mingled,32372,16725,0.516650191523539,4780.64955951382
E07000105,Ashford,133178,18.546,Intermediate rural,0.37,Co-Mingled,49269,25466,0.516876737908218,229.37311268572
E07000106,Canterbury,156554,16.798,Urban,0.122,Two Stream,53195,23873,0.448782780336498,491.374169212735
E07000107,Dartford,116777,18.812,Urban,0.082,Two Stream,41435,10054,0.242645106793773,1530.28892747518
E07000108,Dover,116595,22.161,Intermediate urban,0.323,Two Stream,41672,18213,0.437056056824726,363.472178227465
E07000109,Gravesham,106838,21.414,Urban,0.146,Co-Mingled,36951,15653,0.423615057779221,1017.90442620402
E07000110,Maidstone,176712,16.503,Intermediate urban,0.251,Co-Mingled,61471,32454,0.527956272063249,449.247920227042
E07000111,Sevenoaks,120841,12.437,Intermediate rural,0.463,Co-Mingled,49057,19054,0.388405324418534,326.291403900955
E07000112,Folkestone and Hythe,110056,24.149,Intermediate rural,0.381,Two Stream,40697,18429,0.452834361255129,301.137748140606
E07000113,Swale,152223,27.076,Intermediate urban,0.229,Co-Mingled,58240,24306,0.417342032967033,360.716426499835
E07000114,Thanet,140678,31.314,Urban,0.021,Two Stream,52829,18179,0.344110242480456,1250.87045073012
E07000115,Tonbridge and Malling,132386,13.333,Intermediate rural,0.355,Two Stream,47504,21318,0.448762209498148,549.380083439727
E07000116,Tunbridge Wells,115681,11.31,Intermediate rural,0.457,Multi-Stream,43079,20613,0.478493001230298,349.142542629403
E07000117,Burnley,94721,37.793,Urban,0.052,Two Stream,31579,10155,0.32157446404256,855.778628380403
E07000118,Chorley,117937,16.863,Intermediate rural,0.358,Two Stream,46502,21739,0.467485269450776,581.24113617281
E07000119,Fylde,81845,15.875,Intermediate urban,0.235,Two Stream,33093,14686,0.44377965128577,450.393289943826
E07000120,Hyndburn,82261,34.333,Urban,0.093,Multi-Stream,23817,7863,0.330142335306714,1126.76209291695
E07000121,Lancaster,142162,24.165,Intermediate urban,0.284,Two Stream,51387,19781,0.384941716776617,217.407339177137
E07000122,Pendle,95789,30.723,Urban,0.13,Two Stream,35145,10889,0.309830701379997,565.526896594601
E07000123,Preston,147617,29.531,Urban,0.051,Two Stream,54681,17667,0.323092116091513,1032.6853196667
E07000124,Ribble Valley,61907,10.594,Rural,0.614,Two Stream,24999,9392,0.375695027801112,105.92126559992
E07000125,Rossendale,71010,24.062,Urban,0.063,Two Stream,25717,8454,0.328731967181242,514.412746814995
E07000126,South Ribble,111204,15.33,Urban,0.06,Two Stream,43237,19679,0.455142586210884,970.238807478671
E07000127,West Lancashire,117125,18.645,Intermediate rural,0.365,Two Stream,49302,23407,0.474767757900288,307.44245633931
E07000128,Wyre,112457,20.858,Intermediate urban,0.301,Two Stream,44030,20119,0.456938451056098,342.020209274941
E07000129,Blaby,103271,10.629,Intermediate urban,0.218,Co-Mingled,37819,15974,0.42238028504191,791.538643555263
E07000130,Charnwood,182817,13.238,Intermediate urban,0.247,Co-Mingled,63611,27621,0.43421735234472,655.158797145529
E07000131,Harborough,98287,8.015,Rural,0.548,Co-Mingled,38694,17311,0.44738202305267,165.83148197445
E07000132,Hinckley and Bosworth,113660,13.461,Intermediate rural,0.371,Co-Mingled,46436,19818,0.4267809458179,382.241235361701
E07000133,Melton,51773,12.532,Intermediate rural,0.464,Co-Mingled,21780,9476,0.435078053259871,107.551093085268
E07000134,North West Leicestershire,105011,14.573,Intermediate rural,0.45,Multi-Stream,43064,20059,0.465795095671559,375.941443079313
E07000135,Oadby and Wigston,57753,12.958,Urban,0,Co-Mingled,18843,7965,0.422703391179748,2454.84838235667
E07000136,Boston,70798,22.967,Intermediate urban,0.349,Co-Mingled,29365,10073,0.343027413587604,177.977116040811
E07000137,East Lindsey,142951,29.892,Rural,0.62,Co-Mingled,57499,23270,0.404702690481574,78.0787256825404
E07000138,Lincoln,102330,26.889,Urban,0,Co-Mingled,36981,12332,0.333468537897839,2867.16763943757
E07000139,North Kesteven,118553,11.553,Rural,0.633,Co-Mingled,49136,21639,0.440389938130902,128.516723806028
E07000140,South Holland,95485,17.896,Rural,0.631,Co-Mingled,37681,11754,0.311934396645524,117.087145430914
E07000141,South Kesteven,143787,13.499,Intermediate urban,0.322,Co-Mingled,56126,22298,0.397284680896554,152.545264577657
E07000142,West Lindsey,95570,20.355,Rural,0.748,Co-Mingled,41515,17082,0.411465735276406,82.5550244990544
E07000143,Breckland,142164,19.614,Intermediate rural,0.488,Co-Mingled,55344,22245,0.401940589765828,108.928195252501
E07000144,Broadland,132247,11.817,Rural,0.512,Co-Mingled,53751,27203,0.506092909899351,239.039097937143
E07000145,Great Yarmouth,100146,33.097,Intermediate urban,0.348,Co-Mingled,40122,12432,0.309854942425602,548.578442134597
E07000146,King's Lynn and West Norfolk,154910,23.72,Rural,0.579,Co-Mingled,64404,25970,0.403235823861872,101.45478313871
E07000147,North Norfolk,103257,21.058,Rural,0.875,Co-Mingled,45507,19238,0.422748148636474,104.286500113944
E07000148,Norwich,143118,27.599,Urban,0,Co-Mingled,47121,18666,0.396129114407589,3529.0588454715
E07000149,South Norfolk,142527,13.318,Rural,0.672,Co-Mingled,55914,24121,0.431394641771292,156.811508541537
E07000163,Craven,57090,12.76,Rural,0.577,Co-Mingled,21821,8575,0.392970074698685,48.4303016168845
E07000164,Hambleton,91037,11.987,Rural,0.661,Two Stream,36200,17454,0.482154696132597,69.4280331533523
E07000165,Harrogate,164105,10.897,Intermediate urban,0.33,Multi-Stream,55349,23552,0.425518076207339,125.35540203501
E07000166,Richmondshire,50358,12.135,Rural,0.706,Multi-Stream,19330,7822,0.404655975168132,38.1875315442474
E07000167,Ryedale,54897,15.665,Rural,0.735,Multi-Stream,22957,10570,0.460426013851984,36.4378171011679
E07000168,Scarborough,108959,26.28,Intermediate urban,0.306,Co-Mingled,45807,16454,0.359202741939005,131.990721869721
E07000169,Selby,92401,12.73,Rural,0.694,Multi-Stream,41477,18151,0.437616028160185,153.431930976254
E07000170,Ashfield,126372,26.308,Urban,0.041,Two Stream,48123,17823,0.370363443675581,1153.47183955033
E07000171,Bassetlaw,118351,22.588,Intermediate rural,0.407,Co-Mingled,46786,12364,0.264267088445261,185.07014636311
E07000172,Broxtowe,110813,14.238,Urban,0.004,Two Stream,42190,15042,0.356529983408391,1383.45319781527
E07000173,Gedling,117298,14.894,Urban,0.157,Two Stream,46124,15259,0.330825600555026,977.634001875706
E07000174,Mansfield,110602,28.503,Urban,0.114,Co-Mingled,45466,14587,0.320833150046188,1442.06612526454
E07000175,Newark and Sherwood,123383,19.227,Intermediate rural,0.429,Co-Mingled,47677,16481,0.3456803070663,189.285534139241
E07000176,Rushcliffe,119438,7.18,Intermediate rural,0.488,Co-Mingled,48179,23109,0.479648809647357,291.859227600911
E07000177,Cherwell,161837,14.41,Intermediate urban,0.288,Co-Mingled,65456,36174,0.552646052309949,274.886502294287
E07000178,Oxford,160021,16.707,Urban,0.008,Co-Mingled,44215,22645,0.512156507972408,3509.00803677374
E07000179,South Oxfordshire,150024,8.459,Rural,0.597,Co-Mingled,54228,33986,0.62672420151951,221.104293219143
E07000180,Vale of White Horse,139487,8.358,Intermediate rural,0.391,Co-Mingled,48589,30053,0.618514478585688,241.051629152375
E07000181,West Oxfordshire,115161,8.684,Rural,0.559,Multi-Stream,45412,26184,0.576587686074165,161.194637884651
E07000187,Mendip,116285,16.6,Rural,0.524,Two Stream,266473,149880,0.562458485475076,157.261872984464
E07000188,Sedgemoor,125752,21.306,Intermediate rural,0.375,Two Stream,266473,149880,0.562458485475076,207.529510227519
E07000189,South Somerset,173173,17.347,Rural,0.627,Two Stream,266473,149880,0.562458485475076,180.565697910353
E07000192,Cannock Chase,100590,20.426,Urban,0.104,Co-Mingled,40063,16800,0.419339540224147,1275.18662840745
E07000193,East Staffordshire,124477,19.028,Intermediate urban,0.216,Two Stream,48874,20434,0.418095510905594,319.182301420914
E07000194,Lichfield,106909,12.566,Intermediate urban,0.275,Co-Mingled,43289,19569,0.452054794520548,322.70096377352
E07000195,Newcastle-under-Lyme,123025,18.929,Urban,0.191,Two Stream,47223,22446,0.475319230036211,583.174832056634
E07000196,South Staffordshire,110793,13.124,Intermediate rural,0.415,Co-Mingled,44355,20173,0.454807800698907,272.003307373126
E07000197,Stafford,137231,13.678,Intermediate urban,0.294,Two Stream,54682,25378,0.464101532496983,229.417202097401
E07000198,Staffordshire Moorlands,95993,15.04,Intermediate urban,0.31,Co-Mingled,40141,21880,0.545078597942254,166.697976798129
E07000199,Tamworth,78838,21.061,Urban,0,Co-Mingled,30436,11601,0.381160467867,2555.46720320285
E07000200,Babergh,92723,14.267,Rural,0.683,Co-Mingled,75444,30924,0.409893430889136,151.60623847887
E07000202,Ipswich,139614,25.89,Urban,0,Co-Mingled,55102,18052,0.327610613044899,3464.35628208195
E07000203,Mid Suffolk,103417,13.225,Rural,0.735,Co-Mingled,75444,30924,0.409893430889136,118.724009900153
E07000207,Elmbridge,139369,7.944,Urban,0.01,Co-Mingled,52561,26944,0.512623428016971,1446.7228869458
E07000208,Epsom and Ewell,80998,8.833,Urban,0.019,Two Stream,30062,16327,0.543110904131462,2376.76095923139
E07000209,Guildford,143929,9.395,Urban,0.164,Co-Mingled,54330,32241,0.59342904472667,531.238213614896
E07000210,Mole Valley,87608,9.511,Intermediate urban,0.254,Co-Mingled,33151,17966,0.541944436065277,339.143995662531
E07000211,Reigate and Banstead,151423,11.276,Urban,0.043,Two Stream,55903,31057,0.555551580416078,1172.51354118128
E07000212,Runnymede,87739,12.012,Urban,0.012,Co-Mingled,28867,14313,0.495825683306197,1124.27252657825
E07000213,Spelthorne,102995,14.943,Urban,0.009,Co-Mingled,36605,16970,0.46359786914356,2013.14028076223
E07000214,Surrey Heath,90645,8.066,Urban,0.103,Co-Mingled,31928,18907,0.592176146329241,953.225146327735
E07000215,Tandridge,88143,11.896,Intermediate urban,0.344,Co-Mingled,33894,20318,0.599457131055644,355.136698134595
E07000216,Waverley,128878,7.494,Urban,0.178,Co-Mingled,47147,27780,0.58922094725009,373.375180709581
E07000217,Woking,103889,10.804,Urban,0.008,Co-Mingled,35495,18266,0.514607691224116,1633.38229821057
E07000218,North Warwickshire,65340,17.907,Rural,0.584,Co-Mingled,28088,10205,0.363322415266306,229.858772184047
E07000219,Nuneaton and Bedworth,134291,23.54,Urban,0,Two Stream,51389,19838,0.386035922084493,1700.9563512269
E07000220,Rugby,114829,14.119,Intermediate urban,0.224,Co-Mingled,42087,18197,0.432366288877801,324.781877595315
E07000221,Stratford-on-Avon,135964,11.728,Rural,0.729,Co-Mingled,58040,32206,0.554893177119228,139.041111103326
E07000222,Warwick,148729,12.005,Urban,0.135,Two Stream,55524,30008,0.540450976154456,525.762798233235
E07000223,Adur,64626,17.594,Urban,0,Co-Mingled,19607,8123,0.414290814505024,1480.61961039748
E07000224,Arun,165225,18.638,Urban,0.044,Co-Mingled,60061,25596,0.426166730490668,735.303049303107
E07000225,Chichester,124531,14.085,Rural,0.502,Co-Mingled,47632,22392,0.470104131676184,153.284939432719
E07000226,Crawley,118580,18.94,Urban,0,Co-Mingled,35267,11072,0.313947883290328,2636.79847742023
E07000227,Horsham,147487,9.89,Rural,0.516,Co-Mingled,56683,30093,0.530899917082723,277.773114501559
E07000228,Mid Sussex,152949,7.747,Urban,0.19,Co-Mingled,52451,22474,0.428476101504261,457.891069878517
E07000229,Worthing,111657,17.012,Urban,0,Co-Mingled,39195,17101,0.436305651231024,3305.11826642978
E07000234,Bromsgrove,99475,11.697,Intermediate urban,0.203,Co-Mingled,40936,17108,0.417920656634747,458.476731451615
E07000235,Malvern Hills,79973,16.066,Rural,0.542,Co-Mingled,26974,11147,0.413249796099948,138.584338542108
E07000236,Redditch,86996,22.524,Urban,0.015,Co-Mingled,28279,8008,0.283178330209696,1603.58594767385
E07000237,Worcester,103617,20.414,Urban,0,Co-Mingled,33188,12035,0.362631071471616,3113.66700877472
E07000238,Wychavon,133100,15.766,Rural,0.52,Co-Mingled,51272,22379,0.436476049305664,200.590174133872
E07000239,Wyre Forest,101786,22.437,Intermediate urban,0.213,Co-Mingled,38665,13042,0.337307642570801,520.901032306032
E07000240,St Albans,148641,8.339,Urban,0.167,Two Stream,53046,33127,0.624495720695246,922.056970298316
E07000241,Welwyn Hatfield,119538,14.215,Urban,0.138,Two Stream,40916,20696,0.505816795385668,922.810436354344
E07000242,East Hertfordshire,150687,8.188,Intermediate urban,0.299,Two Stream,56849,26327,0.463104012383683,316.789548135481
E07000243,Stevenage,89320,19.695,Urban,0,Multi-Stream,32615,12941,0.396780622413,3439.45358430118
E07000244,East Suffolk,246801,19.56,Intermediate rural,0.362,Co-Mingled,102396,41397,0.404283370444158,190.608303201145
E07000245,West Suffolk,180820,16.245,Intermediate rural,0.428,Co-Mingled,70658,25761,0.36458716635059,174.760058162978
E07000246,Somerset West and Taunton,157909,19.142,Intermediate rural,0.351,Two Stream,266473,149880,0.562458485475076,130.444768712535
E08000001,Bolton,296041,30.691,Urban,0.004,Two Stream,93352,47511,0.5089446396435,2117.72425980754
E08000002,Bury,193823,23.682,Urban,0.019,Two Stream,64376,34664,0.538461538461538,1948.75078167729
E08000003,Manchester,549853,40.005,Urban,0,Two Stream,168451,66809,0.396607915654998,4754.52450749438
E08000004,Oldham,242072,33.155,Urban,0.016,Two Stream,75760,35193,0.464532734952482,1700.60163963861
E08000005,Rochdale,224087,34.415,Urban,0.019,Two Stream,74169,37524,0.505925656271488,1417.12253017519
E08000006,Salford,270764,34.21,Urban,0,Two Stream,85168,40768,0.478677437535225,2785.71585734614
E08000007,Stockport,295243,20.826,Urban,0.004,Two Stream,104213,62851,0.603101340523735,2342.44899122318
E08000008,Tameside,231199,31.374,Urban,0.002,Two Stream,75188,39576,0.526360589455764,2241.29305050909
E08000009,Trafford,235546,16.088,Urban,0.003,Two Stream,80702,47469,0.588201035909891,2221.19723663133
E08000010,Wigan,329759,25.713,Urban,0.034,Two Stream,140791,74564,0.529607716402327,1752.44314028674
E08000011,Knowsley,154974,43.006,Urban,0.002,Co-Mingled,61962,16391,0.26453310093283,1791.6056780309
E08000012,Liverpool,484488,42.412,Urban,0,Co-Mingled,192247,44042,0.229090701025244,3628.20659680839
E08000013,St. Helens,183391,31.518,Urban,0.048,Multi-Stream,68104,25071,0.36812815693645,1344.91509726523
E08000014,Sefton,279692,27.035,Urban,0.014,Co-Mingled,118602,39340,0.331697610495607,1381.4513507384
E08000015,Wirral,320600,29.589,Urban,0.006,Co-Mingled,127683,41252,0.32308138123321,1264.97548585457
E08000016,Barnsley,244893,29.933,Urban,0.108,Two Stream,106474,47785,0.448795010988598,744.180108552622
E08000017,Doncaster,308705,30.289,Urban,0.161,Two Stream,141883,63544,0.44786197077874,542.98286761707
E08000018,Rotherham,266183,29.55,Urban,0.107,Two Stream,107853,48570,0.450335178437317,928.974080497214
E08000019,Sheffield,554401,27.06,Urban,0.017,Two Stream,193078,61964,0.320927293632625,1506.8110231064
E08000021,Newcastle upon Tyne,298264,29.79,Urban,0.037,Two Stream,110680,40605,0.366868449584387,2591.25606657128
E08000022,North Tyneside,209151,22.279,Urban,0.002,Two Stream,89955,31621,0.351520204546718,2465.78990065481
E08000023,South Tyneside,147915,31.509,Urban,0.001,Two Stream,66859,21641,0.323681179796288,2205.24550339467
E08000024,Sunderland,274211,30.586,Urban,0.007,Two Stream,117816,35146,0.298312623073267,1964.00958999722
E08000025,Birmingham,1142494,38.067,Urban,0,Two Stream,401225,91670,0.228475294410867,4266.36350419878
E08000026,Coventry,343320,25.613,Urban,0.002,Co-Mingled,122265,34976,0.286067149225044,3480.56842505465
E08000027,Dudley,323581,24.103,Urban,0,Multi-Stream,127424,46388,0.364044450025113,3303.25441710812
E08000028,Sandwell,341729,34.884,Urban,0,Co-Mingled,128000,34887,0.2725546875,3994.0776302593
E08000029,Solihull,216666,17.37,Urban,0.122,Two Stream,91174,32102,0.352095992278501,1215.298559264
E08000030,Walsall,284306,31.555,Urban,0.001,Co-Mingled,117072,39279,0.335511480114801,2734.40727825453
E08000031,Wolverhampton,264036,32.102,Urban,0,Co-Mingled,102378,38137,0.372511672429624,3802.54194052151
E08000032,Bradford,546976,34.666,Urban,0.078,Co-Mingled,206356,74459,0.360827889666402,1492.75798264745
E08000033,Calderdale,206818,26.351,Urban,0.188,Multi-Stream,83580,42814,0.5122517348648,568.24221319532
E08000034,Kirklees,433355,25.151,Urban,0.11,Co-Mingled,161717,43485,0.26889566341201,1060.71041090391
E08000035,Leeds,809036,27.301,Urban,0.066,Co-Mingled,317123,114208,0.360137864487912,1466.42453452001
E08000036,Wakefield,353802,27.306,Urban,0.176,Co-Mingled,161796,79558,0.491717965833519,1044.8357394279
E08000037,Gateshead,196154,28.217,Urban,0.082,Two Stream,90005,28561,0.317326815176935,1361.51139524279
E09000001,City of London,8618,14.72,Urban,0,Co-Mingled,3432,1096,0.319347319347319,2738.58184887422
E09000002,Barking and Dagenham,218534,32.768,Urban,0,Co-Mingled,85560,26103,0.305084151472651,5784.10178209748
E09000003,Barnet,388639,16.148,Urban,0,Co-Mingled,144363,43006,0.297901816947556,4479.12604148853
E09000004,Bexley,246543,16.273,Urban,0,Multi-Stream,90450,38610,0.426865671641791,3833.3241168094
E09000005,Brent,338918,25.558,Urban,0,Co-Mingled,89738,33961,0.37844614321692,7838.7256634898
E09000006,Bromley,329830,14.163,Urban,0,Two Stream,128563,62590,0.486843026376174,2196.92630322855
E09000007,Camden,210390,20.131,Urban,0,Co-Mingled,63001,17679,0.280614593419152,9660.40960077251
E09000008,Croydon,390506,22.477,Urban,0,Two Stream,140341,54047,0.385111977255399,4515.10898782749
E09000009,Ealing,366127,22.71,Urban,0,Co-Mingled,87977,41914,0.476419973402139,6591.88623633859
E09000010,Enfield,329601,25.781,Urban,0,Co-Mingled,109510,33853,0.309131586156515,4010.216301723
E09000011,Greenwich,289254,24.464,Urban,0,Co-Mingled,107383,33821,0.314956743618636,5733.82805708587
E09000012,Hackney,259956,32.526,Urban,0,Co-Mingled,86863,25266,0.290871832656022,13650.3708750039
E09000013,Hammersmith and Fulham,183295,22.27,Urban,0,Co-Mingled,44558,11704,0.262668881009022,10681.8353561001
E09000014,Haringey,264130,27.956,Urban,0,Co-Mingled,83752,25295,0.302022638265355,8921.44551834206
E09000015,Harrow,260987,15.031,Urban,0,Co-Mingled,90912,32421,0.356619588173178,5171.71848448294
E09000016,Havering,262022,16.789,Urban,0,Co-Mingled,109978,40299,0.36642783102075,2289.26271608421
E09000017,Hillingdon,304792,18.223,Urban,0,Co-Mingled,107926,41217,0.38190056149584,2634.23090041782
E09000018,Hounslow,287940,21.487,Urban,0,Multi-Stream,92438,33151,0.35862956792661,5088.19793294766
E09000019,Islington,216767,27.535,Urban,0,Co-Mingled,58261,17544,0.301127684042498,14589.2038863102
E09000020,Kensington and Chelsea,143940,21.526,Urban,0,Co-Mingled,47237,10903,0.230814827359909,11623.0244352432
E09000021,Kingston upon Thames,167845,11.381,Urban,0,Two Stream,60330,29026,0.481120503895243,4504.76721357857
E09000022,Lambeth,317498,25.422,Urban,0,Co-Mingled,71833,24795,0.34517561566411,11656.6112471575
E09000023,Lewisham,299810,26.661,Urban,0,Co-Mingled,92194,25068,0.27190489619715,8489.8381788622
E09000024,Merton,215324,14.649,Urban,0,Two Stream,71215,29916,0.42008003931756,5723.04329503712
E09000025,Newham,350626,29.577,Urban,0,Co-Mingled,126213,31300,0.247993471353981,9089.26912911105
E09000026,Redbridge,309836,17.203,Urban,0,Two Stream,102110,31124,0.304808539810009,5490.21047484009
E09000027,Richmond upon Thames,195232,9.425,Urban,0,Two Stream,73377,29966,0.408384098559494,3323.29394641765
E09000028,Southwark,306374,25.811,Urban,0,Co-Mingled,111574,39809,0.356794593722552,10238.7155342297
E09000029,Sutton,209517,13.987,Urban,0,Two Stream,71152,31549,0.443402855857882,4778.29045078771
E09000030,Tower Hamlets,312273,27.913,Urban,0,Co-Mingled,88273,17403,0.197149751339594,14472.5546156417
E09000031,Waltham Forest,278050,25.209,Urban,0,Co-Mingled,100835,32277,0.320097188476224,7164.34797609629
E09000032,Wandsworth,328367,16.611,Urban,0,Co-Mingled,99366,22735,0.228800595777228,9324.36129068873
E09000033,Westminster,205087,20.339,Urban,0,Co-Mingled,73207,15323,0.209310585053342,9306.15274970521
